frame,time_ns,ca_rmsd_fit_A
0,0.0,1.9466795466607238e-07
1,0.2,0.47414615605922683
2,0.4,0.6788419764248731
3,0.6000000000000001,0.7774502541012971
4,0.8,0.7824616145607087
5,1.0,0.9306472535465049
6,1.2000000000000002,0.7907124138602232
7,1.4000000000000001,0.9416361113277429
8,1.6,0.7770885185307167
9,1.8,0.771241798039548
10,2.0,0.927799153143011
11,2.2,0.9120628407087358
12,2.4000000000000004,0.807869971623861
13,2.6,0.8609625780436976
14,2.8000000000000003,0.6860164118754883
15,3.0,0.7241660002658677
16,3.2,0.6750423165901942
17,3.4000000000000004,0.7082230006673721
18,3.6,0.7280535867216695
19,3.8000000000000003,0.7426969377541424
20,4.0,0.7228407410282505
21,4.2,0.6110677257025802
22,4.4,0.7304875044915488
23,4.6000000000000005,0.6812318896014687
24,4.800000000000001,0.6450669478100599
25,5.0,0.6153713486557374
26,5.2,0.587880844405113
27,5.4,0.6914420148093399
28,5.6000000000000005,0.6653951227669006
29,5.800000000000001,0.653196401783475
30,6.0,0.6432409411499456
31,6.2,0.5607362155819178
32,6.4,0.7121062666296378
33,6.6000000000000005,0.6635486779789119
34,6.800000000000001,0.6605886206405571
35,7.0,0.6809465055674833
36,7.2,0.7469226559292971
37,7.4,0.6594456007772606
38,7.6000000000000005,0.6872170742507275
39,7.800000000000001,0.6300216143036037
40,8.0,0.7558351752435952
41,8.200000000000001,0.6262482392963648
42,8.4,0.5824032623090046
43,8.6,0.684019458861607
44,8.8,0.5678343622893908
45,9.0,0.830482027138829
46,9.200000000000001,0.9255971298507467
47,9.4,0.8316093768602347
48,9.600000000000001,0.8870163611731813
49,9.8,0.869503234941803
50,10.0,0.761208546021038
51,10.200000000000001,0.7106981323956186
52,10.4,0.6485087647803739
53,10.600000000000001,0.6653308974168677
54,10.8,0.7298005892266202
55,11.0,0.8313521981526439
56,11.200000000000001,0.8941232881095654
57,11.4,0.771281336257261
58,11.600000000000001,0.750344348144275
59,11.8,0.8366126654133061
60,12.0,0.6649412086719222
61,12.200000000000001,0.8267290487752506
62,12.4,0.6521340845288655
63,12.600000000000001,0.7416965767155577
64,12.8,0.7456477818880803
65,13.0,0.8045066515651329
66,13.200000000000001,0.7908457226616906
67,13.4,0.8373951725036786
68,13.600000000000001,0.7594022340777176
69,13.8,0.8004789094249707
70,14.0,0.69236638613386
71,14.200000000000001,0.8062243272513514
72,14.4,0.8993780564727438
73,14.600000000000001,0.8612329164934054
74,14.8,0.8098374479103982
75,15.0,0.8168130843182364
76,15.200000000000001,0.9164517132047024
77,15.4,0.9900473984531623
78,15.600000000000001,0.7563460665093786
79,15.8,0.8658084893987567
80,16.0,0.8185265254316417
81,16.2,0.9551526703584132
82,16.400000000000002,0.8427044781258717
83,16.6,0.9281295087536291
84,16.8,0.921239799548361
85,17.0,0.9717816992071082
86,17.2,0.8272494570311739
87,17.400000000000002,0.7973660947576071
88,17.6,0.8757664844354609
89,17.8,0.9313531964116385
90,18.0,0.8910997864917727
91,18.2,0.8589601893749741
92,18.400000000000002,0.8650673814512561
93,18.6,0.9120444092267774
94,18.8,0.8185485153578976
95,19.0,0.8330457487955886
96,19.200000000000003,0.8511518350490799
97,19.400000000000002,0.756881732123886
98,19.6,0.7305990256360386
99,19.8,0.8424950276953694
100,20.0,0.7769029122041355
101,20.200000000000003,0.8629315325687135
102,20.400000000000002,0.7119551862214629
103,20.6,0.7902958915814683
104,20.8,0.8371568262439485
105,21.0,0.8983222440078024
106,21.200000000000003,0.7727480504816231
107,21.400000000000002,0.7288770048136884
108,21.6,0.8571202552851857
109,21.8,0.7817891611560663
110,22.0,0.8074373276043945
111,22.200000000000003,0.7942443512300809
112,22.400000000000002,0.8174144317951202
113,22.6,0.7856933206645627
114,22.8,0.8074494583221189
115,23.0,0.8095195260686454
116,23.200000000000003,0.8270792254256927
117,23.400000000000002,0.7883687833044245
118,23.6,0.8032125226360258
119,23.8,0.8281630237820592
120,24.0,0.7947239413672377
121,24.200000000000003,0.8216821117274106
122,24.400000000000002,0.7854478214536351
123,24.6,0.8693662700603545
124,24.8,0.8360544115726152
125,25.0,0.8082403524460348
126,25.200000000000003,0.8169511270478665
127,25.400000000000002,0.9222471481480835
128,25.6,0.9378134055383116
129,25.8,0.7522428228289322
130,26.0,0.8094743094728903
131,26.200000000000003,0.7641931776589849
132,26.400000000000002,0.7168742862148065
133,26.6,0.8532614808082893
134,26.8,0.7962465331570856
135,27.0,0.872017544874558
136,27.200000000000003,0.8280241773785905
137,27.400000000000002,0.7250477292181329
138,27.6,0.9241715413887466
139,27.8,0.7240334837124206
140,28.0,0.7920047458143562
141,28.200000000000003,0.7083641928888881
142,28.400000000000002,0.8995470597508448
143,28.6,0.8822847045867881
144,28.8,0.889130129356169
145,29.0,0.7963287167768492
146,29.200000000000003,0.7560075686956655
147,29.400000000000002,0.8335463362594041
148,29.6,0.7827259753227516
149,29.8,0.9032138122828862
150,30.0,0.8495415481156465
151,30.200000000000003,0.7464997373186141
152,30.400000000000002,0.7185430229446808
153,30.6,0.875354442150997
154,30.8,0.8244427351064808
155,31.0,0.9172357863920118
156,31.200000000000003,0.8906444189256726
157,31.400000000000002,0.9513713005575272
158,31.6,0.9544582610236092
159,31.8,0.9110974377463941
160,32.0,0.9204023644520375
161,32.2,1.0426823738018667
162,32.4,0.9618374250770099
163,32.6,0.9249987879545949
164,32.800000000000004,0.9401147670280215
165,33.0,0.9397540318680813
166,33.2,1.184805731171971
167,33.4,1.044481823323285
168,33.6,1.1032916457387445
169,33.800000000000004,1.058813582073392
170,34.0,1.1499390909843623
171,34.2,1.0629171722443174
172,34.4,1.0500923414110692
173,34.6,1.219209460650347
174,34.800000000000004,1.150120141572275
175,35.0,1.1530620690809579
176,35.2,1.1521197024270002
177,35.4,1.102043340268379
178,35.6,1.093295888205596
179,35.800000000000004,1.090212693047511
180,36.0,1.0716078576627883
181,36.2,1.1273404723795721
182,36.4,1.200964275632435
183,36.6,1.0972323770863441
184,36.800000000000004,1.2270124567854364
185,37.0,0.9889973354024432
186,37.2,0.7935754753192384
187,37.4,0.8532171047533825
188,37.6,0.9371948266396428
189,37.800000000000004,0.811289405669216
190,38.0,0.9042381221343971
191,38.2,0.867743390474597
192,38.400000000000006,0.8746758855479386
193,38.6,0.9764892222561905
194,38.800000000000004,1.0775985199113642
195,39.0,1.057654724939308
196,39.2,1.0059223729667561
197,39.400000000000006,0.8659292898548742
198,39.6,0.8957067624170533
199,39.800000000000004,0.8039349366234583
200,40.0,0.9884616222590631
201,40.2,1.0321201059508835
202,40.400000000000006,0.8545775661686965
203,40.6,0.8010608960243433
204,40.800000000000004,0.8432157552594397
205,41.0,0.8703543541457823
206,41.2,0.9085954498566587
207,41.400000000000006,1.0507251980698848
208,41.6,1.0424186497648422
209,41.800000000000004,0.9715609340987135
210,42.0,0.9994331184634976
211,42.2,0.9123826995202913
212,42.400000000000006,0.9071649833340282
213,42.6,0.9894950209637645
214,42.800000000000004,0.9734994595218706
215,43.0,1.0158539489977014
216,43.2,0.9430398931143594
217,43.400000000000006,0.9269203215187024
218,43.6,0.8421721219390741
219,43.800000000000004,0.8946950316968952
220,44.0,1.0551167126314056
221,44.2,1.0307302682805062
222,44.400000000000006,1.0578567448176106
223,44.6,0.9932943027567798
224,44.800000000000004,0.9116403141370535
225,45.0,0.9820591855120206
226,45.2,0.927457446338754
227,45.400000000000006,1.070079738174319
228,45.6,0.9060756363325431
229,45.800000000000004,1.1015744588974146
230,46.0,1.0154126773844663
231,46.2,0.9600364161501324
232,46.400000000000006,1.0056724636387664
233,46.6,1.0613561926741013
234,46.800000000000004,1.0647403075632946
235,47.0,1.099206990114636
236,47.2,1.234495520469678
237,47.400000000000006,1.0795353571358282
238,47.6,1.0134292024889717
239,47.800000000000004,1.232463401398337
240,48.0,1.0388502433906812
241,48.2,1.0973536077638664
242,48.400000000000006,1.0572627838157296
243,48.6,1.1451898459160414
244,48.800000000000004,0.9915481004800918
245,49.0,0.9027544746414152
246,49.2,1.0366248818146668
247,49.400000000000006,1.078926861958534
248,49.6,1.0007800614705396
249,49.800000000000004,1.0608206684672035
250,50.0,1.2230643643640644
251,50.2,1.0257708671008208
252,50.400000000000006,1.0282374649278374
253,50.6,1.0354872168627065
254,50.800000000000004,0.9888461344283324
255,51.0,0.9845373401256129
256,51.2,0.954964961412582
257,51.400000000000006,0.9367608469157951
258,51.6,1.0196823129313892
259,51.800000000000004,0.9740412918439845
260,52.0,1.116027294905567
261,52.2,1.0139374634559672
262,52.400000000000006,0.8861080567407326
263,52.6,0.9985562346003316
264,52.800000000000004,0.9710305795701674
265,53.0,0.9517804552396032
266,53.2,1.033703297258179
267,53.400000000000006,1.0020278964734137
268,53.6,0.9108689603513536
269,53.800000000000004,0.8928850057897622
270,54.0,1.0123186587948896
271,54.2,0.9452819164069625
272,54.400000000000006,0.939149882742596
273,54.6,1.0716806924422901
274,54.800000000000004,1.054635063156487
275,55.0,0.9452206886756815
276,55.2,1.2354569853345025
277,55.400000000000006,1.003665209573287
278,55.6,1.0912832953992562
279,55.800000000000004,1.1808801418641477
280,56.0,1.0187227992188925
281,56.2,1.1484345959390265
282,56.400000000000006,1.176646974529979
283,56.6,1.165223057188889
284,56.800000000000004,1.0288608093867795
285,57.0,1.2107263268966892
286,57.2,1.1068653581186167
287,57.400000000000006,1.0869800519323356
288,57.6,1.0337999480827775
289,57.800000000000004,1.1171645330084001
290,58.0,0.9167778552572876
291,58.2,0.9335570629863752
292,58.400000000000006,0.9689157341405592
293,58.6,0.9748361046912504
294,58.800000000000004,0.997486039826609
295,59.0,1.0975671765852861
296,59.2,1.114293030708149
297,59.400000000000006,1.205414078021091
298,59.6,1.1702801027468483
299,59.800000000000004,1.1619780665920447
300,60.0,1.1545309014372152
301,60.2,1.1123263874674794
302,60.400000000000006,1.1416791165992963
303,60.6,1.2497937757129909
304,60.800000000000004,1.1365143569666818
305,61.0,1.1230918790563027
306,61.2,1.0995663370624658
307,61.400000000000006,1.22273060224255
308,61.6,1.190365582377315
309,61.800000000000004,1.2793001031233078
310,62.0,1.26230485370803
311,62.2,1.2319988465095733
312,62.400000000000006,1.2926346394838886
313,62.6,1.2645086438184732
314,62.800000000000004,1.1255331789706582
315,63.0,1.1576989848910213
316,63.2,1.1951153772583922
317,63.400000000000006,1.0697228892804789
318,63.6,1.2163202802907795
319,63.800000000000004,1.2662041526555379
320,64.0,1.008491734551794
321,64.2,1.2508944751143263
322,64.4,1.0679335463071737
323,64.60000000000001,1.0516123921737708
324,64.8,1.093864266184349
325,65.0,0.9423653449649374
326,65.2,0.8260675464155491
327,65.4,0.9695483411540726
328,65.60000000000001,1.000161627552694
329,65.8,0.8646101740881441
330,66.0,0.9092648654914359
331,66.2,0.9427273931497469
332,66.4,0.9230172672980478
333,66.60000000000001,1.075736821067677
334,66.8,0.9485629261701084
335,67.0,0.8478732915346876
336,67.2,0.9798634809178636
337,67.4,1.06756736560505
338,67.60000000000001,0.9409884454593844
339,67.8,0.8846965859270386
340,68.0,0.852890945969615
341,68.2,1.0020977923803664
342,68.4,0.9931025429458622
343,68.60000000000001,0.9596477246794466
344,68.8,0.8776377609130525
345,69.0,1.0045667672665122
346,69.2,0.9759215170218055
347,69.4,1.0332921560744943
348,69.60000000000001,1.00295459052296
349,69.8,0.9623426885150946
350,70.0,0.9037425383085407
351,70.2,0.955781421876357
352,70.4,0.8655535421305308
353,70.60000000000001,1.061966988011804
354,70.8,0.9535545157269253
355,71.0,1.0607919814891105
356,71.2,0.9361071224514436
357,71.4,1.0014384366905689
358,71.60000000000001,0.9811872450621943
359,71.8,0.8539595184144096
360,72.0,0.9049104201016106
361,72.2,0.9812863049534175
362,72.4,1.054098688774343
363,72.60000000000001,1.055429305950187
364,72.8,1.2281280297680186
365,73.0,1.1022273334833592
366,73.2,1.1706054317928924
367,73.4,1.184457867282192
368,73.60000000000001,1.1182275679003777
369,73.8,1.158556347189189
370,74.0,1.2100296611145485
371,74.2,1.0196435093207787
372,74.4,1.052546686777555
373,74.60000000000001,1.216296009651859
374,74.8,1.148883859755946
375,75.0,1.097442452398711
376,75.2,1.10595088407777
377,75.4,1.2840613557446396
378,75.60000000000001,1.2854833338764273
379,75.8,1.1209103619980512
380,76.0,1.0909922265291963
381,76.2,0.923049111046824
382,76.4,0.9707654567989636
383,76.60000000000001,1.02051210889867
384,76.80000000000001,1.165792944071709
385,77.0,1.1267154756800273
386,77.2,1.0898076913591248
387,77.4,1.1688563639827152
388,77.60000000000001,1.1349052974732787
389,77.80000000000001,1.0925886745568734
390,78.0,1.1126522937227783
391,78.2,1.1604361060007833
392,78.4,1.1959373974642586
393,78.60000000000001,1.139039893329413
394,78.80000000000001,1.1677044112270698
395,79.0,0.9875022115953058
396,79.2,1.2707769381417093
397,79.4,1.001949757503168
398,79.60000000000001,1.3138879786971158
399,79.80000000000001,1.2953145271058182
400,80.0,1.2746430762312604
401,80.2,1.0770299772231395
402,80.4,1.163805275412657
403,80.60000000000001,1.0451838131226154
404,80.80000000000001,1.3538626476785347
405,81.0,1.0567405744168967
406,81.2,1.235401231784922
407,81.4,1.2312025622381548
408,81.60000000000001,1.176904617339616
409,81.80000000000001,1.0509967952858068
410,82.0,1.2328331146538598
411,82.2,1.2335710423877662
412,82.4,1.1689505301061296
413,82.60000000000001,1.0410915121272872
414,82.80000000000001,1.2121856401569429
415,83.0,1.2544797809513994
416,83.2,1.3612668645493968
417,83.4,1.3036979615733506
418,83.60000000000001,1.1037111179285588
419,83.80000000000001,1.1648179551614417
420,84.0,1.1562056467584152
421,84.2,1.044440234598887
422,84.4,0.9545131104284067
423,84.60000000000001,1.0440878922927992
424,84.80000000000001,1.142601772341883
425,85.0,1.1243305669016865
426,85.2,0.9908266879947296
427,85.4,1.1784410731447954
428,85.60000000000001,1.090943697029613
429,85.80000000000001,1.2244257967362002
430,86.0,1.0032237816408638
431,86.2,1.047220885503303
432,86.4,0.9138423856873011
433,86.60000000000001,1.0662186043088913
434,86.80000000000001,0.9579555553928495
435,87.0,0.9931066581789425
436,87.2,0.896664143541807
437,87.4,1.0396204565282892
438,87.60000000000001,1.0375961605710902
439,87.80000000000001,0.960194307229742
440,88.0,0.9132391693623994
441,88.2,0.9885045705764058
442,88.4,1.0153940194081306
443,88.60000000000001,1.005442265799388
444,88.80000000000001,1.058158602518819
445,89.0,0.9731951886751613
446,89.2,0.9609836544771676
447,89.4,0.9813368756160897
448,89.60000000000001,1.1137434997290416
449,89.80000000000001,1.0479822318347853
450,90.0,1.079227260143342
451,90.2,1.1314249950682795
452,90.4,1.1120956569446725
453,90.60000000000001,1.1171853617775551
454,90.80000000000001,0.9816097548957696
455,91.0,1.0154395252153254
456,91.2,0.9651286683623084
457,91.4,1.011516176216064
458,91.60000000000001,0.9651169573294482
459,91.80000000000001,1.005604192261598
460,92.0,0.9332004441116968
461,92.2,1.0336417971232947
462,92.4,0.9179175711662902
463,92.60000000000001,0.8462544126699079
464,92.80000000000001,0.9636880684863379
465,93.0,1.0782275868445923
466,93.2,1.0500377837145516
467,93.4,1.0439962399517846
468,93.60000000000001,1.0497952382975817
469,93.80000000000001,1.056343745639899
470,94.0,0.9235330499783935
471,94.2,0.9927326666552065
472,94.4,1.108883953608033
473,94.60000000000001,1.1435271094528987
474,94.80000000000001,1.017411173102091
475,95.0,1.1340473521769192
476,95.2,1.1173708680789791
477,95.4,1.1385794309114148
478,95.60000000000001,1.177240825439467
479,95.80000000000001,1.0674524907053056
480,96.0,1.0680903128936312
481,96.2,1.1181357117941695
482,96.4,1.0208501933219563
483,96.60000000000001,1.1779340474412783
484,96.80000000000001,1.0066273593896373
485,97.0,1.2684581872634921
486,97.2,1.0870895796041342
487,97.4,1.0461311865435252
488,97.60000000000001,1.1115877453676974
489,97.80000000000001,1.1162591611895403
490,98.0,1.1874575395418954
491,98.2,1.0932470832755852
492,98.4,1.1320793917443057
493,98.60000000000001,1.0962706291780864
494,98.80000000000001,1.0852798343402013
495,99.0,1.2962690336832803
496,99.2,1.2099123870635897
497,99.4,1.1286626382346665
498,99.60000000000001,1.1449708961334262
499,99.80000000000001,1.1753804055387174
500,100.0,1.288973015850054
501,100.2,1.1874550808146953
502,100.4,1.182205675178377
503,100.60000000000001,1.1507813290915427
504,100.80000000000001,1.2456029622389988
505,101.0,1.1845744957700015
506,101.2,1.2675940070922236
507,101.4,1.0508955324305997
508,101.60000000000001,1.1860397386740082
509,101.80000000000001,1.3060168785355435
510,102.0,1.0815394033936907
511,102.2,1.2327665689306115
512,102.4,1.0626623964542432
513,102.60000000000001,1.089126697810106
514,102.80000000000001,1.2256109211773027
515,103.0,1.2047982259458379
516,103.2,1.0866468288200108
517,103.4,1.0046110154146377
518,103.60000000000001,1.0732471478111536
519,103.80000000000001,1.2049289698183452
520,104.0,1.2106782228635784
521,104.2,1.123020221692628
522,104.4,0.9897006366673236
523,104.60000000000001,1.113676631121776
524,104.80000000000001,1.292528620532618
525,105.0,1.2384796809864735
526,105.2,1.168800291475417
527,105.4,1.1639297449110628
528,105.60000000000001,1.1415977479953332
529,105.80000000000001,1.162633335036135
530,106.0,1.2839084785391726
531,106.2,1.1660532858148058
532,106.4,1.201225630253603
533,106.60000000000001,1.1748119826545238
534,106.80000000000001,1.3102242187913873
535,107.0,1.2975749888377064
536,107.2,1.1094848614884787
537,107.4,1.1244944124668175
538,107.60000000000001,0.9995821477113387
539,107.80000000000001,1.0570938734149071
540,108.0,1.1928771820268238
541,108.2,1.1903372715605531
542,108.4,1.330978032823109
543,108.60000000000001,1.4571586231780675
544,108.80000000000001,1.517742341032733
545,109.0,1.3036564322505495
546,109.2,1.1948839303242123
547,109.4,1.19085588706516
548,109.60000000000001,1.3424357604653223
549,109.80000000000001,1.2509851459790855
550,110.0,1.3080294287292273
551,110.2,1.09412126701903
552,110.4,1.141380495174834
553,110.60000000000001,1.1846723497179845
554,110.80000000000001,1.0204928980475771
555,111.0,1.1616731261308912
556,111.2,1.0485487890779375
557,111.4,1.0129876927308172
558,111.60000000000001,1.0274008166216688
559,111.80000000000001,1.0064027469957302
560,112.0,1.094307006977097
561,112.2,1.1621885277953563
562,112.4,1.0082151551365728
563,112.60000000000001,1.0685897439288794
564,112.80000000000001,1.1234290271857583
565,113.0,1.15736249707177
566,113.2,1.0578524658714599
567,113.4,1.078177026399253
568,113.60000000000001,1.103969101405049
569,113.80000000000001,0.9943726894721613
570,114.0,1.072821678390703
571,114.2,1.0708798854766628
572,114.4,1.2277634731979248
573,114.60000000000001,1.0483895603520843
574,114.80000000000001,1.0132252516515465
575,115.0,1.1195238240989098
576,115.2,1.0154995852347475
577,115.4,1.0292697187068767
578,115.60000000000001,1.0052481515712286
579,115.80000000000001,0.8984770197778666
580,116.0,1.0944087966860958
581,116.2,1.0443867969975342
582,116.4,1.1018651330633291
583,116.60000000000001,1.112158233856964
584,116.80000000000001,1.029256186806901
585,117.0,1.1134055491608792
586,117.2,1.0530336082632543
587,117.4,1.14409032568764
588,117.60000000000001,1.145837382263249
589,117.80000000000001,1.0064657212519244
590,118.0,1.1643139516005014
591,118.2,1.1143959866262654
592,118.4,1.1581722079048145
593,118.60000000000001,1.121556486512851
594,118.80000000000001,1.1840431218276295
595,119.0,1.1566505640066995
596,119.2,1.2119957681061209
597,119.4,1.0755953211585907
598,119.60000000000001,1.1442430802745849
599,119.80000000000001,1.0043158028757018
600,120.0,0.9967232114612654
601,120.2,1.0969151583582106
602,120.4,1.012533336013334
603,120.60000000000001,0.9964055033443504
604,120.80000000000001,1.1124014113504759
605,121.0,0.9498158047265346
606,121.2,1.1313236233152997
607,121.4,1.0074459575420587
608,121.60000000000001,0.8897775949926332
609,121.80000000000001,0.9958900280396066
610,122.0,0.8486351842946941
611,122.2,1.114995628326482
612,122.4,0.9612567410403012
613,122.60000000000001,0.976094031160051
614,122.80000000000001,0.9167930044999014
615,123.0,1.0791004822910646
616,123.2,0.9654430610927357
617,123.4,1.206672941854333
618,123.60000000000001,1.0006021094564554
619,123.80000000000001,0.9640596581546614
620,124.0,0.9779662719414427
621,124.2,0.8940194978435921
622,124.4,0.9954924630542269
623,124.60000000000001,1.0334400382632172
624,124.80000000000001,1.107493471091023
625,125.0,1.0724304849268012
626,125.2,0.9322754140318908
627,125.4,0.8910116537022611
628,125.60000000000001,0.9075247576730185
629,125.80000000000001,0.9245900689503709
630,126.0,0.8932791593942256
631,126.2,0.8775534157967004
632,126.4,0.9497467572405626
633,126.60000000000001,1.0494611655601067
634,126.80000000000001,1.0579729235959807
635,127.0,0.9433651208667669
636,127.2,0.9754142100747831
637,127.4,0.9786129050201267
638,127.60000000000001,0.9323002926960976
639,127.80000000000001,1.0599239003219318
640,128.0,0.9612203836058548
641,128.20000000000002,0.8494439063233796
642,128.4,1.0497327670385532
643,128.6,0.9313991548249957
644,128.8,1.0796768859268249
645,129.0,1.0128046592166307
646,129.20000000000002,1.0286995046002922
647,129.4,0.9632742663475994
648,129.6,0.8758727322158769
649,129.8,0.9923884667795755
650,130.0,0.8832346901269218
651,130.20000000000002,0.989117337057046
652,130.4,0.9091213022011532
653,130.6,0.9740314016855086
654,130.8,1.1622669373302652
655,131.0,1.0019370752479966
656,131.20000000000002,1.055858003624401
657,131.4,1.125577771289341
658,131.6,1.075916842287648
659,131.8,1.0421059490277917
660,132.0,1.0985595519539635
661,132.20000000000002,1.2000134207508903
662,132.4,1.1210483972277856
663,132.6,1.1620399744408931
664,132.8,1.2718827939616368
665,133.0,1.2266160467482907
666,133.20000000000002,1.1559369559388606
667,133.4,1.1932625107842447
668,133.6,1.1194840318944554
669,133.8,1.1322956100979025
670,134.0,1.1958685799726376
671,134.20000000000002,1.2260208815918512
672,134.4,1.1171461917428178
673,134.6,1.123598865984687
674,134.8,1.029367748973952
675,135.0,1.1313021281984572
676,135.20000000000002,1.1329726619476654
677,135.4,1.0248285062744622
678,135.6,1.101751316463933
679,135.8,1.133180528505199
680,136.0,1.2679974179341622
681,136.20000000000002,1.173607980775867
682,136.4,1.2256225970255434
683,136.6,1.3115736795300108
684,136.8,1.0634097375168223
685,137.0,1.050459490250619
686,137.20000000000002,1.0764575241276322
687,137.4,1.0235681320367644
688,137.6,1.0613306100805031
689,137.8,1.0076538018731958
690,138.0,1.0780787055884153
691,138.20000000000002,0.9461354859308558
692,138.4,0.9725151163931602
693,138.6,1.026120026080561
694,138.8,1.0419693496675742
695,139.0,1.0708120520125812
696,139.20000000000002,1.0687059515237416
697,139.4,0.9402300712673445
698,139.6,0.9679642838059861
699,139.8,0.9684684668951404
700,140.0,0.9294486174878995
701,140.20000000000002,0.9204947535279413
702,140.4,1.072408384997881
703,140.6,1.0043612843919183
704,140.8,1.0072733406186039
705,141.0,0.9385778993156355
706,141.20000000000002,0.9100858965674989
707,141.4,1.1622716015436925
708,141.6,0.9165509198345843
709,141.8,1.0847362055715764
710,142.0,1.0729168697904274
711,142.20000000000002,1.0100027785790873
712,142.4,1.1857361606548857
713,142.6,1.0848152738612173
714,142.8,0.9591750343075722
715,143.0,1.0237567308639364
716,143.20000000000002,0.9212123543690146
717,143.4,0.9530397482267996
718,143.6,1.0065019662503478
719,143.8,0.8644348022415838
720,144.0,0.9386551997238997
721,144.20000000000002,0.9328832651859299
722,144.4,0.8251024682200028
723,144.6,1.080744552174576
724,144.8,0.9571009657265233
725,145.0,0.79388651493083
726,145.20000000000002,0.9761003627321663
727,145.4,0.972376766498832
728,145.6,0.9531816947120322
729,145.8,0.9292991643694558
730,146.0,1.0005525422354309
731,146.20000000000002,0.9752842501172595
732,146.4,0.9865595413821674
733,146.6,0.8843258025380901
734,146.8,0.8713329171093597
735,147.0,0.9285219615808186
736,147.20000000000002,0.9291852172401077
737,147.4,1.0278120875337016
738,147.6,0.9343451956698816
739,147.8,0.9451556846235462
740,148.0,0.8745379783311409
741,148.20000000000002,1.1016886901139153
742,148.4,1.1295466951255035
743,148.6,0.8370848825977372
744,148.8,0.9379392051669505
745,149.0,0.9778251897599807
746,149.20000000000002,0.9082933935376097
747,149.4,0.8639144640385252
748,149.6,0.8095110888199788
749,149.8,0.8792934122324313
750,150.0,0.852057627951944
751,150.20000000000002,0.8679896371939911
752,150.4,0.9208839648512354
753,150.6,0.8973914186721778
754,150.8,0.9896432562564008
755,151.0,1.0703846650545161
756,151.20000000000002,0.9499053392188238
757,151.4,0.9116091963085222
758,151.6,1.0524410215755897
759,151.8,1.0192402302471317
760,152.0,1.0711306242243974
761,152.20000000000002,1.1033113481728951
762,152.4,1.2726626508165406
763,152.6,1.1593705852495275
764,152.8,1.1415617780065634
765,153.0,1.3115551553277334
766,153.20000000000002,1.1585268678117362
767,153.4,1.1176419326475393
768,153.60000000000002,1.008104447703791
769,153.8,1.1712275056787724
770,154.0,1.151451620258281
771,154.20000000000002,1.196614649151111
772,154.4,1.035781124578689
773,154.60000000000002,0.951145245923942
774,154.8,0.9055209010342001
775,155.0,0.8955107212892799
776,155.20000000000002,0.9209994282937488
777,155.4,0.9136029414659124
778,155.60000000000002,0.8460379867419596
779,155.8,0.8984531767835432
780,156.0,0.8748413366030972
781,156.20000000000002,0.9660886474675221
782,156.4,1.0007698588511444
783,156.60000000000002,1.158329703890732
784,156.8,1.0921930781380338
785,157.0,1.1015559060809967
786,157.20000000000002,1.1502966464392612
787,157.4,1.135403071161511
788,157.60000000000002,1.2179495176324302
789,157.8,1.221321833830769
790,158.0,1.0895917363506555
791,158.20000000000002,1.2152112850058479
792,158.4,1.3027398619819617
793,158.60000000000002,1.3010625014955775
794,158.8,1.2886283915477696
795,159.0,1.2086431276537764
796,159.20000000000002,1.2946542281610034
797,159.4,1.4185842675014557
798,159.60000000000002,1.2550792011304883
799,159.8,1.3338619388163635
800,160.0,1.3022393933460163
801,160.20000000000002,1.313987459928475
802,160.4,1.291161412230568
803,160.60000000000002,1.3766324663957068
804,160.8,1.3860948929328565
805,161.0,1.3424057328434955
806,161.20000000000002,1.253535778687841
807,161.4,1.2791498556088585
808,161.60000000000002,1.3221853146190552
809,161.8,1.3813243558445054
810,162.0,1.3931797393725989
811,162.20000000000002,1.5548143828899856
812,162.4,1.5811530726968883
813,162.60000000000002,1.4297013664505496
814,162.8,1.413555267198988
815,163.0,1.5034491827196093
816,163.20000000000002,1.5833009800608382
817,163.4,1.3582812034723204
818,163.60000000000002,1.3336885263813787
819,163.8,1.595546097889192
820,164.0,1.5601487404675523
821,164.20000000000002,1.4147520492427723
822,164.4,1.4919293562372882
823,164.60000000000002,1.3359293893286446
824,164.8,1.3072528202360327
825,165.0,1.222568258550661
826,165.20000000000002,1.2405988921777873
827,165.4,1.278415785094021
828,165.60000000000002,1.3594929060345546
829,165.8,1.157285469540804
830,166.0,1.215157586193248
831,166.20000000000002,1.172081369398144
832,166.4,1.1080672562501102
833,166.60000000000002,1.0653187047016874
834,166.8,1.185455696662947
835,167.0,1.2222915490263537
836,167.20000000000002,1.2152231333252526
837,167.4,1.2113271342377907
838,167.60000000000002,1.2020649903134806
839,167.8,1.0863922937864892
840,168.0,1.1274596597656
841,168.20000000000002,1.1306377897755475
842,168.4,1.0839279556018053
843,168.60000000000002,1.0201531124157897
844,168.8,1.0663013004315463
845,169.0,1.3283326802553677
846,169.20000000000002,1.3367178195034457
847,169.4,1.3800100327011389
848,169.60000000000002,1.195389655028507
849,169.8,1.1785450104715425
850,170.0,1.1422968308125752
851,170.20000000000002,1.273346826466271
852,170.4,1.2856948353778908
853,170.60000000000002,1.1746247733763262
854,170.8,1.1596784728987926
855,171.0,1.2682147295149264
856,171.20000000000002,1.2598344437146691
857,171.4,1.3825034683846742
858,171.60000000000002,1.4244319790329294
859,171.8,1.3302646834612994
860,172.0,1.3713389972194003
861,172.20000000000002,1.24653018584766
862,172.4,1.290024348803799
863,172.60000000000002,1.142570831132554
864,172.8,1.2872615891881052
865,173.0,1.2617655468788866
866,173.20000000000002,1.148903462914439
867,173.4,1.1513758503963951
868,173.60000000000002,1.1780032864353145
869,173.8,1.1860569536816847
870,174.0,1.2027875027358694
871,174.20000000000002,1.293221049796354
872,174.4,1.3493046684279997
873,174.60000000000002,1.2420353489447953
874,174.8,1.3934154562391805
875,175.0,1.3523706789290766
876,175.20000000000002,1.241963711424434
877,175.4,1.1386947331500592
878,175.60000000000002,1.333821866466366
879,175.8,1.28625868850988
880,176.0,1.3374165729988505
881,176.20000000000002,1.476167930013389
882,176.4,1.3225721509646002
883,176.60000000000002,1.3659414316270218
884,176.8,1.2861090807042048
885,177.0,1.3195191730909648
886,177.20000000000002,1.2370357887870593
887,177.4,1.4071647072636444
888,177.60000000000002,1.3768586598601575
889,177.8,1.4150683208097237
890,178.0,1.5202176976429815
891,178.20000000000002,1.33541701232617
892,178.4,1.44856340230413
893,178.60000000000002,1.4749371059650946
894,178.8,1.3751554384986946
895,179.0,1.338877890629205
896,179.20000000000002,1.3939396016643972
897,179.4,1.4453444593329474
898,179.60000000000002,1.2980873930433559
899,179.8,1.3963761741816938
900,180.0,1.5062065359459726
901,180.20000000000002,1.3727113962278945
902,180.4,1.3699063649394505
903,180.60000000000002,1.352698365272825
904,180.8,1.5498043628099556
905,181.0,1.599780990762073
906,181.20000000000002,1.5341063759171298
907,181.4,1.433571634178488
908,181.60000000000002,1.2984819897251096
909,181.8,1.3988397719085917
910,182.0,1.4568653130163105
911,182.20000000000002,1.3785994609882533
912,182.4,1.425370412298732
913,182.60000000000002,1.3918186207909815
914,182.8,1.4529744361868988
915,183.0,1.457455723046223
916,183.20000000000002,1.4214627310177448
917,183.4,1.6231833711126238
918,183.60000000000002,1.4088303800939277
919,183.8,1.5541275599371547
920,184.0,1.4761213837340668
921,184.20000000000002,1.3715375006093204
922,184.4,1.3120180037250053
923,184.60000000000002,1.3801331001053974
924,184.8,1.33367507753268
925,185.0,1.264569314767525
926,185.20000000000002,1.303067338625919
927,185.4,1.3991064090609406
928,185.60000000000002,1.2376646762054628
929,185.8,1.1618044578129063
930,186.0,1.1711031096670808
931,186.20000000000002,1.202034132513619
932,186.4,1.2092474280551757
933,186.60000000000002,1.224314222660685
934,186.8,1.2798408944266901
935,187.0,1.3335673386731217
936,187.20000000000002,1.3714360083114636
937,187.4,1.3223277987301272
938,187.60000000000002,1.3620014790397692
939,187.8,1.3625723211140066
940,188.0,1.4050899863056123
941,188.20000000000002,1.4181173078676068
942,188.4,1.341956894833199
943,188.60000000000002,1.2698683917802176
944,188.8,1.3933396958180553
945,189.0,1.3126027496805988
946,189.20000000000002,1.4076689912083038
947,189.4,1.4277759268625099
948,189.60000000000002,1.3686843127835409
949,189.8,1.4499232646465994
950,190.0,1.4759646899652596
951,190.20000000000002,1.5295683875757058
952,190.4,1.422846710512411
953,190.60000000000002,1.4670559513990629
954,190.8,1.5603467923687746
955,191.0,1.4438266233329193
956,191.20000000000002,1.4081458742264823
957,191.4,1.3278131101463597
958,191.60000000000002,1.4068880138066049
959,191.8,1.4637156852922977
960,192.0,1.6289619976620224
961,192.20000000000002,1.2916266863839923
962,192.4,1.5972698022278842
963,192.60000000000002,1.5307856324475202
964,192.8,1.6303695116280514
965,193.0,1.6364048136339557
966,193.20000000000002,1.5121170837578555
967,193.4,1.5474845962744253
968,193.60000000000002,1.4552731988855874
969,193.8,1.5084233294961495
970,194.0,1.5115925913766788
971,194.20000000000002,1.56014189441551
972,194.4,1.5937890270943367
973,194.60000000000002,1.6373057667697173
974,194.8,1.4615531129442485
975,195.0,1.3687297378811027
976,195.20000000000002,1.3431193363105103
977,195.4,1.4166848603775506
978,195.60000000000002,1.3909347222192028
979,195.8,1.2780169053071755
980,196.0,1.4060221367637549
981,196.20000000000002,1.3439803176366907
982,196.4,1.3534257074658016
983,196.60000000000002,1.2619654381592234
984,196.8,1.3667919411259772
985,197.0,1.17299835678739
986,197.20000000000002,1.3995004025249789
987,197.4,1.1795722614690678
988,197.60000000000002,1.3638445927021265
989,197.8,1.3731193438685598
990,198.0,1.4192566229804007
991,198.20000000000002,1.4113361395155641
992,198.4,1.2808734991330089
993,198.60000000000002,1.2306257285152657
994,198.8,1.395890162932309
995,199.0,1.4176824336317915
996,199.20000000000002,1.3817233257783528
997,199.4,1.5042784299899108
998,199.60000000000002,1.348393766898588
999,199.8,1.3711919220902837
1000,200.0,1.2667162762089186
1001,200.20000000000002,1.357648542933444
1002,200.4,1.3070710787036948
1003,200.60000000000002,1.3812728059538226
1004,200.8,1.4385851329146924
1005,201.0,1.4446833240746375
1006,201.20000000000002,1.3324605960884564
1007,201.4,1.5025229162584335
1008,201.60000000000002,1.346721796240135
1009,201.8,1.3579814176789877
1010,202.0,1.4599945050902026
1011,202.20000000000002,1.4855168442665636
1012,202.4,1.5448544376161346
1013,202.60000000000002,1.4685799213444828
1014,202.8,1.491560116580163
1015,203.0,1.3524781078065604
1016,203.20000000000002,1.380474004468241
1017,203.4,1.4676513830151552
1018,203.60000000000002,1.4089992785549588
1019,203.8,1.1204459603170214
1020,204.0,1.2878291687004593
1021,204.20000000000002,1.2900548624055959
1022,204.4,1.2088719382461117
1023,204.60000000000002,1.3107913581848636
1024,204.8,1.2366211050517069
1025,205.0,1.3297556848437393
1026,205.20000000000002,1.231167111685525
1027,205.4,1.3550826132269556
1028,205.60000000000002,1.1455094632790572
1029,205.8,1.1822778418445152
1030,206.0,1.2468334837992143
1031,206.20000000000002,1.2695504242468534
1032,206.4,1.2695771909196738
1033,206.60000000000002,1.458759254279598
1034,206.8,1.2982912484991616
1035,207.0,1.1960464227012744
1036,207.20000000000002,1.2175830675591683
1037,207.4,1.279225923720769
1038,207.60000000000002,1.2285388916414002
1039,207.8,1.2786038243166424
1040,208.0,1.4319361392461245
1041,208.20000000000002,1.2999675139586724
1042,208.4,1.296699801645576
1043,208.60000000000002,1.3875779112974642
1044,208.8,1.429915059173134
1045,209.0,1.327385209083862
1046,209.20000000000002,1.3574467912584416
1047,209.4,1.4629323914355385
1048,209.60000000000002,1.545687829511964
1049,209.8,1.3363771490005147
1050,210.0,1.4055427813649712
1051,210.20000000000002,1.449038774109465
1052,210.4,1.26962150695684
1053,210.60000000000002,1.4525638014497404
1054,210.8,1.2357774154863248
1055,211.0,1.2645350355778089
1056,211.20000000000002,1.3352027470526173
1057,211.4,1.3137337887389273
1058,211.60000000000002,1.2739198278415182
1059,211.8,1.4607204129803555
1060,212.0,1.3827952328603417
1061,212.20000000000002,1.2763187253432917
1062,212.4,1.390043363075503
1063,212.60000000000002,1.427268735771992
1064,212.8,1.4049305995625876
1065,213.0,1.4849055088073526
1066,213.20000000000002,1.486919622691656
1067,213.4,1.3871322070375798
1068,213.60000000000002,1.4713419660752098
1069,213.8,1.3926536262003535
1070,214.0,1.3887307662708628
1071,214.20000000000002,1.3165182290763657
1072,214.4,1.4022826279990692
1073,214.60000000000002,1.4313466057447426
1074,214.8,1.2539593151338269
1075,215.0,1.2467557083973067
1076,215.20000000000002,1.2321068632760646
1077,215.4,1.2340255746500504
1078,215.60000000000002,1.2221056012212332
1079,215.8,1.2885505993343254
1080,216.0,1.3028810242214959
1081,216.20000000000002,1.2763350106499567
1082,216.4,1.3287528776261035
1083,216.60000000000002,1.2404115115127354
1084,216.8,1.1666125230903863
1085,217.0,1.2372264223275076
1086,217.20000000000002,1.2153550902256582
1087,217.4,1.2495063824618906
1088,217.60000000000002,1.1968687443187143
1089,217.8,1.1253689886241414
1090,218.0,1.210390292716051
1091,218.20000000000002,1.1409429545457817
1092,218.4,1.1743003116239277
1093,218.60000000000002,1.245010529016846
1094,218.8,1.2598564798927006
1095,219.0,1.1623102168897539
1096,219.20000000000002,1.1870327337466746
1097,219.4,1.2322515224811197
1098,219.60000000000002,1.3819552443642782
1099,219.8,1.2668173556661493
1100,220.0,1.2847340475154245
1101,220.20000000000002,1.2178959677892442
1102,220.4,1.2647884244634897
1103,220.60000000000002,1.2995543717079474
1104,220.8,1.1374952554103386
1105,221.0,1.1437702288050435
1106,221.20000000000002,1.1863677828777133
1107,221.4,1.2700629105429913
1108,221.60000000000002,1.373796900889474
1109,221.8,1.2229080624113937
1110,222.0,1.2616041003315341
1111,222.20000000000002,1.2904205509195006
1112,222.4,1.226293897041859
1113,222.60000000000002,1.3210654681540932
1114,222.8,1.2180425349730089
1115,223.0,1.2152243197830468
1116,223.20000000000002,1.3867532829716656
1117,223.4,1.2869801717565583
1118,223.60000000000002,1.2721455592136093
1119,223.8,1.3839619294389949
1120,224.0,1.3080911395002988
1121,224.20000000000002,1.247398341931472
1122,224.4,1.1506392350414243
1123,224.60000000000002,1.1412952954465756
1124,224.8,1.1458370615890234
1125,225.0,1.2501816068294238
1126,225.20000000000002,1.2822373858130007
1127,225.4,1.2353958998275767
1128,225.60000000000002,1.2582306397978018
1129,225.8,1.1285233832931603
1130,226.0,1.2367312457234723
1131,226.20000000000002,1.1918369788234904
1132,226.4,1.1847217931419838
1133,226.60000000000002,1.1842078106750082
1134,226.8,1.2991629820501895
1135,227.0,1.4262673941765336
1136,227.20000000000002,1.256708397747322
1137,227.4,1.1152383255636162
1138,227.60000000000002,1.155758012117752
1139,227.8,1.218283970381259
1140,228.0,1.182520214145977
1141,228.20000000000002,1.2001602891780059
1142,228.4,1.2225922805211251
1143,228.60000000000002,1.1647898480877468
1144,228.8,1.3269842136211512
1145,229.0,1.2723643664563746
1146,229.20000000000002,1.2583483914255633
1147,229.4,1.3570203771027378
1148,229.60000000000002,1.296350737904319
1149,229.8,1.3143879307360953
1150,230.0,1.1773060637132382
1151,230.20000000000002,1.2892729319681946
1152,230.4,1.2241363721956395
1153,230.60000000000002,1.211585818566968
1154,230.8,1.3921685457711361
1155,231.0,1.305518667357715
1156,231.20000000000002,1.2546224245740005
1157,231.4,1.2487157205325303
1158,231.60000000000002,1.3067328738595083
1159,231.8,1.2770023817335618
1160,232.0,1.4538367935845506
1161,232.20000000000002,1.343674854497653
1162,232.4,1.312099910822175
1163,232.60000000000002,1.222201427594028
1164,232.8,1.2628341495139204
1165,233.0,1.4261604573328057
1166,233.20000000000002,1.3830710869906082
1167,233.4,1.3718273479571181
1168,233.60000000000002,1.2958314987347705
1169,233.8,1.4147864388559115
1170,234.0,1.4932906129982315
1171,234.20000000000002,1.498594516200468
1172,234.4,1.4636857234791893
1173,234.60000000000002,1.3288521219806422
1174,234.8,1.4396467732098146
1175,235.0,1.3415995825998015
1176,235.20000000000002,1.4114604102965327
1177,235.4,1.3104839063193812
1178,235.60000000000002,1.3007105899042726
1179,235.8,1.347900585288343
1180,236.0,1.3212465910627025
1181,236.20000000000002,1.3452593575234162
1182,236.4,1.4424977912854293
1183,236.60000000000002,1.419719724003432
1184,236.8,1.4674659479418148
1185,237.0,1.3232098939366541
1186,237.20000000000002,1.3046842339242073
1187,237.4,1.4101580898163475
1188,237.60000000000002,1.3554122576950471
1189,237.8,1.358481778197013
1190,238.0,1.3527819106058303
1191,238.20000000000002,1.25895115692104
1192,238.4,1.2120505733987283
1193,238.60000000000002,1.264010778142165
1194,238.8,1.3036955229123834
1195,239.0,1.3310014542255935
1196,239.20000000000002,1.4274459033948013
1197,239.4,1.3457037263801712
1198,239.60000000000002,1.32196704552064
1199,239.8,1.3316873058999876
1200,240.0,1.3767367673571058
1201,240.20000000000002,1.2902740701957114
1202,240.4,1.299338343664449
1203,240.60000000000002,1.391789309759443
1204,240.8,1.3054690902015595
1205,241.0,1.3237935715269455
1206,241.20000000000002,1.3298254715587519
1207,241.4,1.469682917520352
1208,241.60000000000002,1.422458313555003
1209,241.8,1.5317704030447348
1210,242.0,1.4364838703211908
1211,242.20000000000002,1.5011829568841044
1212,242.4,1.4933287297569595
1213,242.60000000000002,1.355552062608783
1214,242.8,1.417325082003276
1215,243.0,1.4241768184765495
1216,243.20000000000002,1.3241336991030344
1217,243.4,1.3938768460501916
1218,243.60000000000002,1.3795578558797723
1219,243.8,1.3559590746938148
1220,244.0,1.386409481818245
1221,244.20000000000002,1.3819032213389049
1222,244.4,1.3768354186995215
1223,244.60000000000002,1.5036049402777605
1224,244.8,1.529957065309542
1225,245.0,1.431362702783804
1226,245.20000000000002,1.4695005689546417
1227,245.4,1.4328132967992044
1228,245.60000000000002,1.4497844805140605
1229,245.8,1.504348824674352
1230,246.0,1.4595980090565652
1231,246.20000000000002,1.4223081288533976
1232,246.4,1.4061495461184992
1233,246.60000000000002,1.3384643304282924
1234,246.8,1.3652706755707522
1235,247.0,1.2330457267759805
1236,247.20000000000002,1.4588145476552088
1237,247.4,1.5442450947762132
1238,247.60000000000002,1.5565064344135593
1239,247.8,1.6318126215700248
1240,248.0,1.5141876813277215
1241,248.20000000000002,1.5974964074945144
1242,248.4,1.574416146064756
1243,248.60000000000002,1.6855568045198517
1244,248.8,1.6415146175580702
1245,249.0,1.6530839910943573
1246,249.20000000000002,1.6697013350714747
1247,249.4,1.604203658996428
1248,249.60000000000002,1.6777545847917557
1249,249.8,1.7362212998662743
1250,250.0,1.544072640204904
1251,250.20000000000002,1.7036898634862065
1252,250.4,1.5881459801829259
1253,250.60000000000002,1.5806724940124182
1254,250.8,1.6026977896305596
1255,251.0,1.6558171179579957
1256,251.20000000000002,1.608465206723917
1257,251.4,1.590620435586931
1258,251.60000000000002,1.5779508412285517
1259,251.8,1.6919733200841232
1260,252.0,1.624910222704393
1261,252.20000000000002,1.6520289184294674
1262,252.4,1.569710997263914
1263,252.60000000000002,1.6768094646894705
1264,252.8,1.7474902992353576
1265,253.0,1.6649432241248414
1266,253.20000000000002,1.6499451085474346
1267,253.4,1.6810849897141529
1268,253.60000000000002,1.6000608071173354
1269,253.8,1.6422679864099725
1270,254.0,1.619130253629281
1271,254.20000000000002,1.710716157824075
1272,254.4,1.625644981156998
1273,254.60000000000002,1.6328977850727668
1274,254.8,1.6712783511253355
1275,255.0,1.6632484697906644
1276,255.20000000000002,1.6394679124234333
1277,255.4,1.644699634193411
1278,255.60000000000002,1.6908867479747478
1279,255.8,1.5520540850879634
1280,256.0,1.7206338336986082
1281,256.2,1.480255643252516
1282,256.40000000000003,1.6797749101288828
1283,256.6,1.6023198512252987
1284,256.8,1.670160372436782
1285,257.0,1.691533389591154
1286,257.2,1.6684797663021373
1287,257.40000000000003,1.6069688739545078
1288,257.6,1.6588942728372138
1289,257.8,1.5405674036909096
1290,258.0,1.5927309969159111
1291,258.2,1.5847051055378887
1292,258.40000000000003,1.5458858161524807
1293,258.6,1.5919710798499151
1294,258.8,1.5818103301794102
1295,259.0,1.695736434813591
1296,259.2,1.6250633515702353
1297,259.40000000000003,1.6794030490545184
1298,259.6,1.646842459154253
1299,259.8,1.6431485934252108
1300,260.0,1.587879470050814
1301,260.2,1.6236457712545622
1302,260.40000000000003,1.5899362251053624
1303,260.6,1.610912267970304
1304,260.8,1.5371989185367285
1305,261.0,1.576645735451885
1306,261.2,1.6223309572603564
1307,261.40000000000003,1.658651084796459
1308,261.6,1.6046456088361603
1309,261.8,1.635498821727251
1310,262.0,1.5720431311215113
1311,262.2,1.550704093384222
1312,262.40000000000003,1.6486505594352203
1313,262.6,1.6002918776188912
1314,262.8,1.548566948940002
1315,263.0,1.6198494649243789
1316,263.2,1.5831164980871146
1317,263.40000000000003,1.5776160459498794
1318,263.6,1.663960896821104
1319,263.8,1.5382017223674838
1320,264.0,1.577890521511227
1321,264.2,1.5900811623248525
1322,264.40000000000003,1.6133676053084551
1323,264.6,1.679977269091388
1324,264.8,1.607738691786682
1325,265.0,1.6055541754967244
1326,265.2,1.6976025081904298
1327,265.40000000000003,1.6408071809637195
1328,265.6,1.6055979570276293
1329,265.8,1.5889777247358616
1330,266.0,1.655182918055928
1331,266.2,1.7040919818940763
1332,266.40000000000003,1.6241983027342066
1333,266.6,1.6741853497707853
1334,266.8,1.6123421312604014
1335,267.0,1.6619860840310434
1336,267.2,1.7221098777910533
1337,267.40000000000003,1.7299314066891145
1338,267.6,1.596785017612704
1339,267.8,1.6235189946367339
1340,268.0,1.596304469444214
1341,268.2,1.6125538333907214
1342,268.40000000000003,1.5621017398353005
1343,268.6,1.6082445917990882
1344,268.8,1.6749906297283264
1345,269.0,1.5433923887094911
1346,269.2,1.6004242904146944
1347,269.40000000000003,1.6417382265767428
1348,269.6,1.609716465689474
1349,269.8,1.6208806545787262
1350,270.0,1.632218265191652
1351,270.2,1.5412080412111955
1352,270.40000000000003,1.6557348930209537
1353,270.6,1.6195266218092979
1354,270.8,1.5680358405552637
1355,271.0,1.6035739688901307
1356,271.2,1.6031493564426262
1357,271.40000000000003,1.6293517425858948
1358,271.6,1.5752628125324304
1359,271.8,1.6276830917105054
1360,272.0,1.6391894959449558
1361,272.2,1.572126261933827
1362,272.40000000000003,1.6476855308192402
1363,272.6,1.6244668359103047
1364,272.8,1.5969483565841471
1365,273.0,1.6169453180870497
1366,273.2,1.539868351268451
1367,273.40000000000003,1.5588673395247539
1368,273.6,1.5435591001157634
1369,273.8,1.609488867006522
1370,274.0,1.6163351851668628
1371,274.2,1.6035407446814383
1372,274.40000000000003,1.5869937708951074
1373,274.6,1.6172141687704793
1374,274.8,1.5886120683218365
1375,275.0,1.5615757794703935
1376,275.2,1.5590566677132256
1377,275.40000000000003,1.6463019935367649
1378,275.6,1.5473388693966923
1379,275.8,1.5817306536020548
1380,276.0,1.5857442412749416
1381,276.2,1.5821746748786556
1382,276.40000000000003,1.5911493580791212
1383,276.6,1.6486315270758982
1384,276.8,1.6214321089371655
1385,277.0,1.6328641658398937
1386,277.2,1.6071096780563474
1387,277.40000000000003,1.6044062674923483
1388,277.6,1.5666238480315626
1389,277.8,1.5752602623181615
1390,278.0,1.5810257777463768
1391,278.2,1.581029590255497
1392,278.40000000000003,1.5834281458482364
1393,278.6,1.5330944297612976
1394,278.8,1.655781232917257
1395,279.0,1.6206354895911788
1396,279.2,1.5429242247742527
1397,279.40000000000003,1.626328722204051
1398,279.6,1.5620510766568612
1399,279.8,1.558177242705904
1400,280.0,1.5135667394513528
1401,280.2,1.6508772691440396
1402,280.40000000000003,1.6477942641395138
1403,280.6,1.6412163224074794
1404,280.8,1.6975874295681344
1405,281.0,1.604954362563287
1406,281.2,1.6518836827261139
1407,281.40000000000003,1.6371633921950712
1408,281.6,1.5869875808725427
1409,281.8,1.6381363965748375
1410,282.0,1.6635519509645027
1411,282.2,1.6103875706001565
1412,282.40000000000003,1.7171795987632739
1413,282.6,1.6419275396382798
1414,282.8,1.598862343779491
1415,283.0,1.5893578158363515
1416,283.2,1.4911646446656173
1417,283.40000000000003,1.5515655412607239
1418,283.6,1.6039703436116575
1419,283.8,1.5843963275022086
1420,284.0,1.4765494267185184
1421,284.2,1.6929436011156929
1422,284.40000000000003,1.674609411046591
1423,284.6,1.654798862588837
1424,284.8,1.5947322254425684
1425,285.0,1.627229131319692
1426,285.2,1.6124406044054478
1427,285.40000000000003,1.5787184761343431
1428,285.6,1.6181011320376042
1429,285.8,1.5675940243436528
1430,286.0,1.6061691802916243
1431,286.2,1.682608886721549
1432,286.40000000000003,1.5263880134019567
1433,286.6,1.5817242837792262
1434,286.8,1.64081023047975
1435,287.0,1.597682519205218
1436,287.2,1.598423819725654
1437,287.40000000000003,1.6186571029519095
1438,287.6,1.4564525206573575
1439,287.8,1.5207814603289884
1440,288.0,1.539388437294583
1441,288.2,1.5537254939240794
1442,288.40000000000003,1.4970866294405654
1443,288.6,1.5751169710028152
1444,288.8,1.5337084038100686
1445,289.0,1.4998983638318455
1446,289.2,1.507763733223324
1447,289.40000000000003,1.47968391681086
1448,289.6,1.5623332199858595
1449,289.8,1.47194506481208
1450,290.0,1.5995682346326052
1451,290.2,1.5594319326610468
1452,290.40000000000003,1.535520831051522
1453,290.6,1.5830777270652052
1454,290.8,1.5971995329412476
1455,291.0,1.6830027898836988
1456,291.2,1.7640237187317038
1457,291.40000000000003,1.6130907246511175
1458,291.6,1.5419832485530334
1459,291.8,1.5717043783436384
1460,292.0,1.5372522508584625
1461,292.2,1.4370121605081305
1462,292.40000000000003,1.5791173059398043
1463,292.6,1.6375886659938408
1464,292.8,1.6489428521709937
1465,293.0,1.6640468562306383
1466,293.2,1.5914531333664763
1467,293.40000000000003,1.6142417837815193
1468,293.6,1.638655406962214
1469,293.8,1.6074058521762176
1470,294.0,1.5321103190208794
1471,294.2,1.6130921988330886
1472,294.40000000000003,1.565810962588491
1473,294.6,1.535483725611924
1474,294.8,1.5871795831689823
1475,295.0,1.5691945471890367
1476,295.2,1.5115431347480248
1477,295.40000000000003,1.5789362670752076
1478,295.6,1.6560890056220834
1479,295.8,1.6651508618648976
1480,296.0,1.6068783289853064
1481,296.2,1.6232587811857966
1482,296.40000000000003,1.6123038247182724
1483,296.6,1.6642730649170892
1484,296.8,1.683582303025261
1485,297.0,1.747774896705247
1486,297.2,1.618063439220562
1487,297.40000000000003,1.5190395925930213
1488,297.6,1.639892025190916
1489,297.8,1.603540925030302
1490,298.0,1.6366502175078044
1491,298.2,1.603254608832344
1492,298.40000000000003,1.7048239054737775
1493,298.6,1.6747096373232488
1494,298.8,1.6471885544758453
1495,299.0,1.6007766587537098
1496,299.2,1.5969370335699886
1497,299.40000000000003,1.5973752620864237
1498,299.6,1.6186134827025334
1499,299.8,1.6161204856772977
1500,300.0,1.4940857174854953
1501,300.2,1.5392457024743078
1502,300.40000000000003,1.5674853161671904
1503,300.6,1.6468539781797347
1504,300.8,1.6531160784612136
1505,301.0,1.662047531979447
1506,301.2,1.6778013721929887
1507,301.40000000000003,1.6384986643342216
1508,301.6,1.6616952749327203
1509,301.8,1.6546895896063731
1510,302.0,1.6191676531566292
1511,302.2,1.6324215478800461
1512,302.40000000000003,1.5298018937824547
1513,302.6,1.5983694337951007
1514,302.8,1.69838370030865
1515,303.0,1.6509940357208428
1516,303.2,1.730779578337637
1517,303.40000000000003,1.5678665810582921
1518,303.6,1.5964555126836808
1519,303.8,1.6381013725124751
1520,304.0,1.5890047656020185
1521,304.2,1.5814286048703063
1522,304.40000000000003,1.5107371320244243
1523,304.6,1.6664918673459739
1524,304.8,1.5638408747126198
1525,305.0,1.5415732708877907
1526,305.2,1.6131774445808427
1527,305.40000000000003,1.5770801518594701
1528,305.6,1.5626934130033585
1529,305.8,1.575034972756079
1530,306.0,1.5451152917483086
1531,306.2,1.5157099089704889
1532,306.40000000000003,1.5477060247263013
1533,306.6,1.520331765590826
1534,306.8,1.5317414437793067
1535,307.0,1.5994075455489258
1536,307.20000000000005,1.5927422481116205
1537,307.40000000000003,1.542777147991175
1538,307.6,1.5380737133186269
1539,307.8,1.5149510474225478
1540,308.0,1.6071002287635083
1541,308.20000000000005,1.5653788098380654
1542,308.40000000000003,1.5124765648093388
1543,308.6,1.5396156264572152
1544,308.8,1.5028066738391248
1545,309.0,1.5448279970045313
1546,309.20000000000005,1.5731687139959816
1547,309.40000000000003,1.576126444575146
1548,309.6,1.561441288854638
1549,309.8,1.5781417552447479
1550,310.0,1.5362170509709838
1551,310.20000000000005,1.6249835292067334
1552,310.40000000000003,1.5212215646359792
1553,310.6,1.5734600744619098
1554,310.8,1.5634826096200154
1555,311.0,1.5577835499303516
1556,311.20000000000005,1.545330355344509
1557,311.40000000000003,1.5650295345389211
1558,311.6,1.6145399696608356
1559,311.8,1.5860474446316841
1560,312.0,1.5363626594276454
1561,312.20000000000005,1.5850123107907237
1562,312.40000000000003,1.6230297955383954
1563,312.6,1.5852825168772373
1564,312.8,1.525954168699412
1565,313.0,1.563606197993346
1566,313.20000000000005,1.5082671637455987
1567,313.40000000000003,1.5556181478266036
1568,313.6,1.6184300579426372
1569,313.8,1.6130354421152473
1570,314.0,1.513471720653226
1571,314.20000000000005,1.636396665632482
1572,314.40000000000003,1.5601511750044939
1573,314.6,1.569101741579732
1574,314.8,1.6180423674252966
1575,315.0,1.6020280199959596
1576,315.20000000000005,1.5425960331643427
1577,315.40000000000003,1.6144574625015635
1578,315.6,1.5631824876856535
1579,315.8,1.5509254485297597
1580,316.0,1.6057679727545484
1581,316.20000000000005,1.568496513609957
1582,316.40000000000003,1.5525639884262883
1583,316.6,1.6124386719997394
1584,316.8,1.6150701551452162
1585,317.0,1.663148596594953
1586,317.20000000000005,1.6926687157997644
1587,317.40000000000003,1.489633505781803
1588,317.6,1.6106628991738745
1589,317.8,1.5989679548626563
1590,318.0,1.5605539966778523
1591,318.20000000000005,1.642718505918005
1592,318.40000000000003,1.5817417247854269
1593,318.6,1.5414008940069928
1594,318.8,1.5904603320265658
1595,319.0,1.6363695875230229
1596,319.20000000000005,1.6158209631513618
1597,319.40000000000003,1.6132835878592435
1598,319.6,1.5626964369914216
1599,319.8,1.5495355394178476
1600,320.0,1.6173178658713474
1601,320.20000000000005,1.4995839385870613
1602,320.40000000000003,1.458111429089661
1603,320.6,1.600168543465245
1604,320.8,1.5771356443579496
1605,321.0,1.587339017715467
1606,321.20000000000005,1.5201981074616453
1607,321.40000000000003,1.4616556099290492
1608,321.6,1.4928614983178212
1609,321.8,1.6731199510143289
1610,322.0,1.5045159069071807
1611,322.20000000000005,1.590044102763335
1612,322.40000000000003,1.6227732751712483
1613,322.6,1.5470281728820514
1614,322.8,1.5295015325014474
1615,323.0,1.5189049644683652
1616,323.20000000000005,1.5356108741394063
1617,323.40000000000003,1.6578969938085901
1618,323.6,1.5848282055727234
1619,323.8,1.633258814731299
1620,324.0,1.4202576999595038
1621,324.20000000000005,1.6599651018260775
1622,324.40000000000003,1.6078411067276783
1623,324.6,1.483871756214427
1624,324.8,1.6574575806867518
1625,325.0,1.6106552485758767
1626,325.20000000000005,1.4967493842772004
1627,325.40000000000003,1.477424685006696
1628,325.6,1.4892855096588513
1629,325.8,1.524505426372573
1630,326.0,1.6357163338121041
1631,326.20000000000005,1.5333277257401807
1632,326.40000000000003,1.5594760923741817
1633,326.6,1.6181320643103074
1634,326.8,1.6783857125553654
1635,327.0,1.5864106389658785
1636,327.20000000000005,1.4793528574064934
1637,327.40000000000003,1.5822071357290737
1638,327.6,1.5169922512964864
1639,327.8,1.5363428088341122
1640,328.0,1.5411425041696736
1641,328.20000000000005,1.4816714686486925
1642,328.40000000000003,1.5276289205319842
1643,328.6,1.511894122032089
1644,328.8,1.5404068516829212
1645,329.0,1.671384690320096
1646,329.20000000000005,1.6197534764360817
1647,329.40000000000003,1.5806009427060324
1648,329.6,1.5292578167821935
1649,329.8,1.4678206188988163
1650,330.0,1.636435323628026
1651,330.20000000000005,1.6084762399271564
1652,330.40000000000003,1.5257422841529797
1653,330.6,1.5558939526144913
1654,330.8,1.4103041309338462
1655,331.0,1.5176317559702166
1656,331.20000000000005,1.558363049922279
1657,331.40000000000003,1.5061000087226046
1658,331.6,1.4373980931015797
1659,331.8,1.4619214371615263
1660,332.0,1.6058788439563778
1661,332.20000000000005,1.5266512612800847
1662,332.40000000000003,1.590894670810663
1663,332.6,1.5295148945211106
1664,332.8,1.5310742966663307
1665,333.0,1.549747187911392
1666,333.20000000000005,1.4670329938562778
1667,333.40000000000003,1.689457106413166
1668,333.6,1.452151869935697
1669,333.8,1.4321133955686307
1670,334.0,1.4697148811622374
1671,334.20000000000005,1.5580043438737405
1672,334.40000000000003,1.561216729450081
1673,334.6,1.5418741899234023
1674,334.8,1.600890220192812
1675,335.0,1.6582751964626743
1676,335.20000000000005,1.483107667474142
1677,335.40000000000003,1.5807338895509842
1678,335.6,1.6214325577283932
1679,335.8,1.6416108169583772
1680,336.0,1.5904566687347002
1681,336.20000000000005,1.5597033756362473
1682,336.40000000000003,1.5273341026474059
1683,336.6,1.5380352688391903
1684,336.8,1.596403128909043
1685,337.0,1.654860517688075
1686,337.20000000000005,1.4679400348304243
1687,337.40000000000003,1.5170730883424042
1688,337.6,1.4420569387308222
1689,337.8,1.5260492701527886
1690,338.0,1.5348762113350873
1691,338.20000000000005,1.5539326088804595
1692,338.40000000000003,1.6480748157972167
1693,338.6,1.5792010543994341
1694,338.8,1.5001629277199282
1695,339.0,1.6486757083243342
1696,339.20000000000005,1.6020555993422718
1697,339.40000000000003,1.5214678890995468
1698,339.6,1.608315828053023
1699,339.8,1.616763851493767
1700,340.0,1.5547456337526493
1701,340.20000000000005,1.5384122383127168
1702,340.40000000000003,1.558240696661148
1703,340.6,1.60786433173637
1704,340.8,1.5429146526053243
1705,341.0,1.522438316093073
1706,341.20000000000005,1.4077854042643267
1707,341.40000000000003,1.4822146664894629
1708,341.6,1.5828977925742085
1709,341.8,1.6037612517356303
1710,342.0,1.5746503095555702
1711,342.20000000000005,1.5538141658652345
1712,342.40000000000003,1.6048209388658454
1713,342.6,1.7032930336619938
1714,342.8,1.6985388250876359
1715,343.0,1.5339746942119539
1716,343.20000000000005,1.4638880098388247
1717,343.40000000000003,1.4949264495908137
1718,343.6,1.5895354834645583
1719,343.8,1.4964966530106671
1720,344.0,1.6442285013013456
1721,344.20000000000005,1.5935605714340506
1722,344.40000000000003,1.52715449281594
1723,344.6,1.557049937200229
1724,344.8,1.5101588451916261
1725,345.0,1.3999816614399945
1726,345.20000000000005,1.5802060598705903
1727,345.40000000000003,1.5513424347243043
1728,345.6,1.6786496965428608
1729,345.8,1.578730993208817
1730,346.0,1.6567466571267568
1731,346.20000000000005,1.564355677511257
1732,346.40000000000003,1.6302296808484975
1733,346.6,1.5962642606907536
1734,346.8,1.5194175009063275
1735,347.0,1.6033507750178264
1736,347.20000000000005,1.5666398806098838
1737,347.40000000000003,1.7045217278609217
1738,347.6,1.5378209394702238
1739,347.8,1.5812939928474703
1740,348.0,1.6971853438710864
1741,348.20000000000005,1.6215859858636115
1742,348.40000000000003,1.6409043876587726
1743,348.6,1.6332148930545403
1744,348.8,1.6049460709580257
1745,349.0,1.6520502953243976
1746,349.20000000000005,1.591250076328287
1747,349.40000000000003,1.5804783157980316
1748,349.6,1.7212839953089498
1749,349.8,1.601198166746919
1750,350.0,1.6191594239582434
1751,350.20000000000005,1.5959567167339521
1752,350.40000000000003,1.585432892823996
1753,350.6,1.6222362356358662
1754,350.8,1.50310664032444
1755,351.0,1.6678471546401443
1756,351.20000000000005,1.618747671020533
1757,351.40000000000003,1.5456918067691
1758,351.6,1.635715818605684
1759,351.8,1.648656849879004
1760,352.0,1.6739236774336985
1761,352.20000000000005,1.5655930367340871
1762,352.40000000000003,1.7025379047083484
1763,352.6,1.6237540276803903
1764,352.8,1.637342782128509
1765,353.0,1.5571828906734075
1766,353.20000000000005,1.6597157204475024
1767,353.40000000000003,1.6663892832982472
1768,353.6,1.6432148518338472
1769,353.8,1.5053208705101206
1770,354.0,1.5180330615154451
1771,354.20000000000005,1.6620013284207082
1772,354.40000000000003,1.6888653061070515
1773,354.6,1.6805279978713292
1774,354.8,1.6587607872303725
1775,355.0,1.4570128212413742
1776,355.20000000000005,1.6006392225899777
1777,355.40000000000003,1.5903855648237362
1778,355.6,1.6516078626265955
1779,355.8,1.4287611047347188
1780,356.0,1.614904578948774
1781,356.20000000000005,1.5117904882785849
1782,356.40000000000003,1.6023095484913021
1783,356.6,1.6594889170597928
1784,356.8,1.6308643428134721
1785,357.0,1.6256860015779646
1786,357.20000000000005,1.600272967240118
1787,357.40000000000003,1.5635526403491216
1788,357.6,1.5289533945573788
1789,357.8,1.541444298593404
1790,358.0,1.529439966368314
1791,358.20000000000005,1.5635180777984603
1792,358.40000000000003,1.4877447738716145
1793,358.6,1.643746266392521
1794,358.8,1.6008737944268683
1795,359.0,1.6075682400319793
1796,359.20000000000005,1.4529124057166103
1797,359.40000000000003,1.613969113570377
1798,359.6,1.534602717498491
1799,359.8,1.506134274375842
1800,360.0,1.6854643217149676
1801,360.20000000000005,1.6477534276510053
1802,360.40000000000003,1.5219715063061003
1803,360.6,1.5918574691579346
1804,360.8,1.5744825793616126
1805,361.0,1.642875356333403
1806,361.20000000000005,1.6822689161269258
1807,361.40000000000003,1.7009517551190971
1808,361.6,1.5532333180679598
1809,361.8,1.750256314769486
1810,362.0,1.5856481064159065
1811,362.20000000000005,1.5931239478901578
1812,362.40000000000003,1.5367641524735052
1813,362.6,1.5983205133278686
1814,362.8,1.5932425677474769
1815,363.0,1.622498751049445
1816,363.20000000000005,1.5923965072228354
1817,363.40000000000003,1.7020195219599252
1818,363.6,1.5194227904049136
1819,363.8,1.5395614175061159
1820,364.0,1.6449651846291502
1821,364.20000000000005,1.5090585253261755
1822,364.40000000000003,1.624473123651317
1823,364.6,1.675816451079702
1824,364.8,1.5738915823172257
1825,365.0,1.6534799211322495
1826,365.20000000000005,1.560548287972517
1827,365.40000000000003,1.5545454914751917
1828,365.6,1.5120904511534559
1829,365.8,1.6062300890955235
1830,366.0,1.5798593043129636
1831,366.20000000000005,1.4943738500824475
1832,366.40000000000003,1.600341563084542
1833,366.6,1.6286827332128737
1834,366.8,1.6164786546586127
1835,367.0,1.6090842477007843
1836,367.20000000000005,1.5976209804632233
1837,367.40000000000003,1.5625335629299222
1838,367.6,1.6138147796326108
1839,367.8,1.5855851847358886
1840,368.0,1.6342277554309494
1841,368.20000000000005,1.6924489423242823
1842,368.40000000000003,1.673360263493558
1843,368.6,1.5739400596613184
1844,368.8,1.6086114480984723
1845,369.0,1.5669031193892773
1846,369.20000000000005,1.5926052331295262
1847,369.40000000000003,1.590138377535594
1848,369.6,1.6507841528315543
1849,369.8,1.4657687978612461
1850,370.0,1.5714993241912971
1851,370.20000000000005,1.5936401256811321
1852,370.40000000000003,1.5879598620672013
1853,370.6,1.690901110516885
1854,370.8,1.5286461208506341
1855,371.0,1.6174067097850455
1856,371.20000000000005,1.574683776677474
1857,371.40000000000003,1.6347752461996439
1858,371.6,1.5727192814057576
1859,371.8,1.4730048463371828
1860,372.0,1.4340837874900072
1861,372.20000000000005,1.5542442687666382
1862,372.40000000000003,1.6181167702357353
1863,372.6,1.5324285137470097
1864,372.8,1.6501246492011448
1865,373.0,1.5706892636118406
1866,373.20000000000005,1.602583835661629
1867,373.40000000000003,1.5262338812532579
1868,373.6,1.4960517415316925
1869,373.8,1.6450137819979522
1870,374.0,1.5827352157075778
1871,374.20000000000005,1.5881042795593512
1872,374.40000000000003,1.5659763838520742
1873,374.6,1.5527640105103988
1874,374.8,1.6435121038509168
1875,375.0,1.6880019077994246
1876,375.20000000000005,1.503015246121198
1877,375.40000000000003,1.5392937772173387
1878,375.6,1.5133793086224105
1879,375.8,1.501510978623938
1880,376.0,1.6143387378397196
1881,376.20000000000005,1.5503704461225685
1882,376.40000000000003,1.5325731219769736
1883,376.6,1.5267619382321789
1884,376.8,1.5716694250665153
1885,377.0,1.476039350212336
1886,377.20000000000005,1.5416608803044098
1887,377.40000000000003,1.5540487464795916
1888,377.6,1.7208321389246741
1889,377.8,1.5838398212475884
1890,378.0,1.6349774116621194
1891,378.20000000000005,1.6715660376563861
1892,378.40000000000003,1.5689668728736903
1893,378.6,1.5552723579104715
1894,378.8,1.6152788810574648
1895,379.0,1.5774207311179418
1896,379.20000000000005,1.5833996124973782
1897,379.40000000000003,1.6418567836455333
1898,379.6,1.5875247734090436
1899,379.8,1.52622360467595
1900,380.0,1.610411604009634
1901,380.20000000000005,1.6408715981823243
1902,380.40000000000003,1.5577903143760046
1903,380.6,1.5442584670397477
1904,380.8,1.5552416594437628
1905,381.0,1.638120786415873
1906,381.20000000000005,1.6227521886795646
1907,381.40000000000003,1.5418903567638091
1908,381.6,1.6776391969667857
1909,381.8,1.6172107745677495
1910,382.0,1.608468807147751
1911,382.20000000000005,1.6086186597147079
1912,382.40000000000003,1.6221345407083996
1913,382.6,1.5134364620225123
1914,382.8,1.5533760587980172
1915,383.0,1.496308392137586
1916,383.20000000000005,1.6370913239775156
1917,383.40000000000003,1.6263417237727396
1918,383.6,1.5864223693876909
1919,383.8,1.611407935033822
1920,384.0,1.6399640363431645
1921,384.20000000000005,1.686857385575884
1922,384.40000000000003,1.6489287076636114
1923,384.6,1.6371796580647453
1924,384.8,1.6347784514215693
1925,385.0,1.6058493294781218
1926,385.20000000000005,1.6378548593124735
1927,385.40000000000003,1.6373555473318755
1928,385.6,1.5346783692186194
1929,385.8,1.6062932582049774
1930,386.0,1.5892817869703157
1931,386.20000000000005,1.6341668307942163
1932,386.40000000000003,1.5630749068616256
1933,386.6,1.5151348675047303
1934,386.8,1.5876701062590974
1935,387.0,1.62380073615625
1936,387.20000000000005,1.5928296150551404
1937,387.40000000000003,1.5410197166199078
1938,387.6,1.5192947965267667
1939,387.8,1.6434194304160379
1940,388.0,1.672271844314327
1941,388.20000000000005,1.6289840178408388
1942,388.40000000000003,1.6512120009909899
1943,388.6,1.6542025605355704
1944,388.8,1.612630726085745
1945,389.0,1.5417255968028514
1946,389.20000000000005,1.6156664147514397
1947,389.40000000000003,1.6351286304076909
1948,389.6,1.621074911295498
1949,389.8,1.6664980035943833
1950,390.0,1.567512234140976
1951,390.20000000000005,1.554054557498245
1952,390.40000000000003,1.6528614117472902
1953,390.6,1.5165737871204898
1954,390.8,1.6912188907440158
1955,391.0,1.5894384432789184
1956,391.20000000000005,1.6391789079471804
1957,391.40000000000003,1.6437708358162089
1958,391.6,1.5556471585435274
1959,391.8,1.475931744704382
1960,392.0,1.5455723313780354
1961,392.20000000000005,1.6077745715648752
1962,392.40000000000003,1.5844387829654853
1963,392.6,1.5557088502069576
1964,392.8,1.5610260244820395
1965,393.0,1.6103802429215879
1966,393.20000000000005,1.5255404381670652
1967,393.40000000000003,1.5825741323349112
1968,393.6,1.631513248049139
1969,393.8,1.590554212365192
1970,394.0,1.5392103497009033
1971,394.20000000000005,1.6901371094648092
1972,394.40000000000003,1.644497258920199
1973,394.6,1.630406975739898
1974,394.8,1.7424598338160329
1975,395.0,1.6682720008227305
1976,395.20000000000005,1.6109986134036007
1977,395.40000000000003,1.6802152318401178
1978,395.6,1.6414075495234668
1979,395.8,1.67215811543869
1980,396.0,1.611201985629287
1981,396.20000000000005,1.4808316524522243
1982,396.40000000000003,1.5556720684792018
1983,396.6,1.5792936281862682
1984,396.8,1.6687802335767266
1985,397.0,1.618211945999854
1986,397.20000000000005,1.5213198603012588
1987,397.40000000000003,1.5980325356213931
1988,397.6,1.5643015775455302
1989,397.8,1.5356208302703578
1990,398.0,1.6999485019861234
1991,398.20000000000005,1.5954484421158823
1992,398.40000000000003,1.5005627488656161
1993,398.6,1.5260283360260267
1994,398.8,1.5952984361818483
1995,399.0,1.6456423095087611
1996,399.20000000000005,1.5626850955327507
1997,399.40000000000003,1.611823524310667
1998,399.6,1.4848069938080966
1999,399.8,1.5853440410677733
2000,400.0,1.5781141146353905
2001,400.20000000000005,1.6293512578104359
2002,400.40000000000003,1.607198474195847
2003,400.6,1.6242769500406127
2004,400.8,1.6607310498154997
2005,401.0,1.5663686629062572
2006,401.20000000000005,1.653688916375066
2007,401.40000000000003,1.6162944537742518
2008,401.6,1.6379556647514486
2009,401.8,1.6222305419568779
2010,402.0,1.6246460164821488
2011,402.20000000000005,1.5522626966347604
2012,402.40000000000003,1.575210128962492
2013,402.6,1.5901511822880965
2014,402.8,1.668764842049732
2015,403.0,1.5432041743616176
2016,403.20000000000005,1.6387056081196565
2017,403.40000000000003,1.5399132943566511
2018,403.6,1.5889397349311254
2019,403.8,1.635442476795306
2020,404.0,1.8013383453295513
2021,404.20000000000005,1.6130019754966713
2022,404.40000000000003,1.5686771079619994
2023,404.6,1.5443864387607251
2024,404.8,1.5675056294896255
2025,405.0,1.4947564647721643
2026,405.20000000000005,1.656970705550923
2027,405.40000000000003,1.7340506855634248
2028,405.6,1.5989637110387454
2029,405.8,1.660769728867937
2030,406.0,1.6403439047466666
2031,406.20000000000005,1.6267192890180402
2032,406.40000000000003,1.6644344532532724
2033,406.6,1.6517843677867785
2034,406.8,1.6672122845473922
2035,407.0,1.6484613767076794
2036,407.20000000000005,1.6317341869759105
2037,407.40000000000003,1.6463325745869781
2038,407.6,1.654226422125665
2039,407.8,1.6258747034976744
2040,408.0,1.530368542166184
2041,408.20000000000005,1.6085721790012562
2042,408.40000000000003,1.5690873295119767
2043,408.6,1.5620977699666123
2044,408.8,1.5917972510587741
2045,409.0,1.6088323064949188
2046,409.20000000000005,1.5707968308055476
2047,409.40000000000003,1.649310146601155
2048,409.6,1.6661778116561583
2049,409.8,1.5822347553480491
2050,410.0,1.5130492673235487
2051,410.20000000000005,1.5745561091083022
2052,410.40000000000003,1.5843238193689073
2053,410.6,1.5537070091882679
2054,410.8,1.6484406442862334
2055,411.0,1.5786359537611967
2056,411.20000000000005,1.6209258709361192
2057,411.40000000000003,1.6421939622818347
2058,411.6,1.611096501885833
2059,411.8,1.5775739411774181
2060,412.0,1.5759019782519093
2061,412.20000000000005,1.5514693215684126
2062,412.40000000000003,1.510632376643092
2063,412.6,1.5510436119775184
2064,412.8,1.5767788212662601
2065,413.0,1.6030958339269894
2066,413.20000000000005,1.5086743240035383
2067,413.40000000000003,1.5687399538670401
2068,413.6,1.5669284897211446
2069,413.8,1.6255500551554423
2070,414.0,1.6183219302301424
2071,414.20000000000005,1.4889481629946208
2072,414.40000000000003,1.5249722071628324
2073,414.6,1.5209339555610892
2074,414.8,1.4034770187271912
2075,415.0,1.4764114003987778
2076,415.20000000000005,1.5396417882545028
2077,415.40000000000003,1.5136864239637537
2078,415.6,1.4670835790404808
2079,415.8,1.4144101532501743
2080,416.0,1.3956504130635252
2081,416.20000000000005,1.4707267264231019
2082,416.40000000000003,1.4441887404785183
2083,416.6,1.4992971253645646
2084,416.8,1.4914097898146434
2085,417.0,1.4724760185990466
2086,417.20000000000005,1.5169721072112583
2087,417.40000000000003,1.5510419073998036
2088,417.6,1.5537905016054883
2089,417.8,1.4412286891154227
2090,418.0,1.4302420875745494
2091,418.20000000000005,1.489521229584995
2092,418.40000000000003,1.5355309632698635
2093,418.6,1.526006267453606
2094,418.8,1.4578898409825307
2095,419.0,1.328708441943808
2096,419.20000000000005,1.4939702721308141
2097,419.40000000000003,1.5328609819594057
2098,419.6,1.538985607133719
2099,419.8,1.3827606806786397
2100,420.0,1.3596183635691375
2101,420.20000000000005,1.4766040715313804
2102,420.40000000000003,1.5028017432848138
2103,420.6,1.4579987781791035
2104,420.8,1.365962526835108
2105,421.0,1.449384586623169
2106,421.20000000000005,1.3827679384903713
2107,421.40000000000003,1.4916654272791376
2108,421.6,1.5062273062074234
2109,421.8,1.4231709236000425
2110,422.0,1.5816043830629245
2111,422.20000000000005,1.6394958384375606
2112,422.40000000000003,1.4313763557615033
2113,422.6,1.414023085242463
2114,422.8,1.498435121031048
2115,423.0,1.4704915050608292
2116,423.20000000000005,1.3129011130727193
2117,423.40000000000003,1.3446300530021003
2118,423.6,1.3875140897811553
2119,423.8,1.3928184984121463
2120,424.0,1.416437156731986
2121,424.20000000000005,1.307558980213215
2122,424.40000000000003,1.559047279602899
2123,424.6,1.4813535346255784
2124,424.8,1.4496032665023868
2125,425.0,1.3690822365786952
2126,425.20000000000005,1.4017932125541288
2127,425.40000000000003,1.4679964656348714
2128,425.6,1.4777736888655177
2129,425.8,1.4254386956328153
2130,426.0,1.3828107249009247
2131,426.20000000000005,1.4971280842593984
2132,426.40000000000003,1.398509098299587
2133,426.6,1.4958685434422327
2134,426.8,1.4350412040208957
2135,427.0,1.4520919561707886
2136,427.20000000000005,1.4997425637758495
2137,427.40000000000003,1.3230130235867381
2138,427.6,1.4849108496081125
2139,427.8,1.5138251011286452
2140,428.0,1.6653712312607907
2141,428.20000000000005,1.4892816494983672
2142,428.40000000000003,1.473276670361538
2143,428.6,1.4968900514170438
2144,428.8,1.606002735156359
2145,429.0,1.600591232526154
2146,429.20000000000005,1.496804367731749
2147,429.40000000000003,1.5863058617878905
2148,429.6,1.5121094836017999
2149,429.8,1.4501336146854982
2150,430.0,1.433864310093499
2151,430.20000000000005,1.5088009032684822
2152,430.40000000000003,1.6004594007417865
2153,430.6,1.610859250555903
2154,430.8,1.4917882642195401
2155,431.0,1.5255123094286391
2156,431.20000000000005,1.467984955619981
2157,431.40000000000003,1.3888480531649403
2158,431.6,1.4825022250753492
2159,431.8,1.5298044491811522
2160,432.0,1.488801751147355
2161,432.20000000000005,1.500095105803401
2162,432.40000000000003,1.5286915726490988
2163,432.6,1.4078037632552172
2164,432.8,1.4945465788606396
2165,433.0,1.559067221067483
2166,433.20000000000005,1.5958855707796884
2167,433.40000000000003,1.5116317512177657
2168,433.6,1.5307466026255856
2169,433.8,1.5521259781100667
2170,434.0,1.589760256181286
2171,434.20000000000005,1.6069125123853374
2172,434.40000000000003,1.5072427935361516
2173,434.6,1.5767948410943682
2174,434.8,1.6665812807129445
2175,435.0,1.454216127839002
2176,435.20000000000005,1.613117739211779
2177,435.40000000000003,1.5566844441777803
2178,435.6,1.4632019212646645
2179,435.8,1.5647715150623425
2180,436.0,1.5829249955590838
2181,436.20000000000005,1.5910768721695674
2182,436.40000000000003,1.5534754242735613
2183,436.6,1.5844971174898304
2184,436.8,1.591526559778789
2185,437.0,1.5843934575545922
2186,437.20000000000005,1.5306236966430857
2187,437.40000000000003,1.5211472364299783
2188,437.6,1.6038296718206633
2189,437.8,1.6441306087603795
2190,438.0,1.6069404245893297
2191,438.20000000000005,1.6403584897751824
2192,438.40000000000003,1.5802365339677007
2193,438.6,1.6141029502824884
2194,438.8,1.5438920454617595
2195,439.0,1.573642172555148
2196,439.20000000000005,1.6244256706517508
2197,439.40000000000003,1.5665272271895976
2198,439.6,1.650405579668494
2199,439.8,1.5905965820409254
2200,440.0,1.6322102378723582
2201,440.20000000000005,1.5606785202445728
2202,440.40000000000003,1.6032573058973172
2203,440.6,1.5945404844186835
2204,440.8,1.4981291772828416
2205,441.0,1.5434037822414344
2206,441.20000000000005,1.55410710353858
2207,441.40000000000003,1.4948408416817947
2208,441.6,1.51878959308356
2209,441.8,1.5219592347692215
2210,442.0,1.5494747479595719
2211,442.20000000000005,1.548600943614512
2212,442.40000000000003,1.5169709572833998
2213,442.6,1.535512209874055
2214,442.8,1.6231029924643994
2215,443.0,1.6449493942207831
2216,443.20000000000005,1.5529204557683234
2217,443.40000000000003,1.5870522344725675
2218,443.6,1.5227152204057992
2219,443.8,1.553788906503284
2220,444.0,1.4982107233368083
2221,444.20000000000005,1.5688428564888068
2222,444.40000000000003,1.5957594567820101
2223,444.6,1.5588080992850566
2224,444.8,1.5608867022119977
2225,445.0,1.3759074298951801
2226,445.20000000000005,1.466058869800974
2227,445.40000000000003,1.4433837931557758
2228,445.6,1.3138602720491899
2229,445.8,1.478544897131039
2230,446.0,1.3215232487448432
2231,446.20000000000005,1.568001574803963
2232,446.40000000000003,1.4666458049888536
2233,446.6,1.490262041545233
2234,446.8,1.5531885260279603
2235,447.0,1.4876395767301387
2236,447.20000000000005,1.5746581457622861
2237,447.40000000000003,1.5114158758663767
2238,447.6,1.496689618577066
2239,447.8,1.3724830029028303
2240,448.0,1.4837904225505705
2241,448.20000000000005,1.572700931737421
2242,448.40000000000003,1.4691247175948767
2243,448.6,1.5220801991889161
2244,448.8,1.426768019495147
2245,449.0,1.391822610061091
2246,449.20000000000005,1.369414429377552
2247,449.40000000000003,1.5451581984867548
2248,449.6,1.4446261327297223
2249,449.8,1.6005187252314268
2250,450.0,1.5453481648700627
2251,450.20000000000005,1.3354773737888848
2252,450.40000000000003,1.4370365151609104
2253,450.6,1.4647912108285006
2254,450.8,1.4560278657418038
2255,451.0,1.4732079537033642
2256,451.20000000000005,1.468446416673024
2257,451.40000000000003,1.4795441163709326
2258,451.6,1.5606343398592923
2259,451.8,1.5228997624186853
2260,452.0,1.5798625702205742
2261,452.20000000000005,1.5245297063560628
2262,452.40000000000003,1.5669789802353926
2263,452.6,1.5181616186421902
2264,452.8,1.514718434294505
2265,453.0,1.5329896116056798
2266,453.20000000000005,1.490770416648295
2267,453.40000000000003,1.630639933888813
2268,453.6,1.5693771539789134
2269,453.8,1.5615733538930006
2270,454.0,1.5769744192121946
2271,454.20000000000005,1.6294991828068581
2272,454.40000000000003,1.570869431180592
2273,454.6,1.5483067413746023
2274,454.8,1.6052055977044124
2275,455.0,1.5410692412533165
2276,455.20000000000005,1.538614611699866
2277,455.40000000000003,1.580681178582567
2278,455.6,1.5882683947363276
2279,455.8,1.5174631203429172
2280,456.0,1.6010539467834801
2281,456.20000000000005,1.4705905510425232
2282,456.40000000000003,1.5628269073024572
2283,456.6,1.617747826994437
2284,456.8,1.5865796187450383
2285,457.0,1.5504849773927842
2286,457.20000000000005,1.5049679957756457
2287,457.40000000000003,1.4990681142852706
2288,457.6,1.5194588627265364
2289,457.8,1.4038035899446235
2290,458.0,1.551084123696605
2291,458.20000000000005,1.600356279285555
2292,458.40000000000003,1.5249678492181489
2293,458.6,1.537266604882221
2294,458.8,1.5450185615655605
2295,459.0,1.5136646777528513
2296,459.20000000000005,1.4538450034585286
2297,459.40000000000003,1.414763579229155
2298,459.6,1.5815230983188109
2299,459.8,1.4372956197743973
2300,460.0,1.5751434153534676
2301,460.20000000000005,1.5701115672253212
2302,460.40000000000003,1.4426024725830373
2303,460.6,1.5800239915275665
2304,460.8,1.678624175719685
2305,461.0,1.5077768043503383
2306,461.20000000000005,1.5238114852642182
2307,461.40000000000003,1.4998700039099921
2308,461.6,1.6139966070112797
2309,461.8,1.5387701236443911
2310,462.0,1.6644877223643437
2311,462.20000000000005,1.5980208911339795
2312,462.40000000000003,1.6363939816835325
2313,462.6,1.6528563883750516
2314,462.8,1.8019543386773653
2315,463.0,1.5850199868704402
2316,463.20000000000005,1.608155383359691
2317,463.40000000000003,1.5364969218460869
2318,463.6,1.6733644996089925
2319,463.8,1.6676232579060253
2320,464.0,1.526101117138714
2321,464.20000000000005,1.4752178000463478
2322,464.40000000000003,1.6085641487515518
2323,464.6,1.6233081739669841
2324,464.8,1.5562143326312776
2325,465.0,1.534693825236292
2326,465.20000000000005,1.551934777231386
2327,465.40000000000003,1.5552626537354046
2328,465.6,1.5281853970397938
2329,465.8,1.63742626771028
2330,466.0,1.578805730787606
2331,466.20000000000005,1.5956089073553068
2332,466.40000000000003,1.5560485966458395
2333,466.6,1.5941805189058107
2334,466.8,1.5581871483570657
2335,467.0,1.484339913993612
2336,467.20000000000005,1.579044241388676
2337,467.40000000000003,1.6270972279543725
2338,467.6,1.5826978933942213
2339,467.8,1.5698163968101209
2340,468.0,1.4943308387657708
2341,468.20000000000005,1.4476827814167892
2342,468.40000000000003,1.6300703022141534
2343,468.6,1.4134111880912694
2344,468.8,1.5402023927810435
2345,469.0,1.4404930938611333
2346,469.20000000000005,1.39302665783238
2347,469.40000000000003,1.5796394714964348
2348,469.6,1.4949547431566825
2349,469.8,1.5312376499642575
2350,470.0,1.5185849009178354
2351,470.20000000000005,1.4580305732873684
2352,470.40000000000003,1.6220472890614401
2353,470.6,1.468536664950115
2354,470.8,1.5180672146640282
2355,471.0,1.5371689591575208
2356,471.20000000000005,1.5605106161294104
2357,471.40000000000003,1.4911992876568994
2358,471.6,1.4745099445716763
2359,471.8,1.505292425609701
2360,472.0,1.51972622789363
2361,472.20000000000005,1.501269445923441
2362,472.40000000000003,1.5360241474763054
2363,472.6,1.4671821037824628
2364,472.8,1.4935649524590213
2365,473.0,1.5120257160927195
2366,473.20000000000005,1.5195953888229237
2367,473.40000000000003,1.5182960355824506
2368,473.6,1.4521423888116354
2369,473.8,1.496063718876092
2370,474.0,1.4542432291012273
2371,474.20000000000005,1.5702059980572605
2372,474.40000000000003,1.5797361510232562
2373,474.6,1.621597118957896
2374,474.8,1.4770621568278748
2375,475.0,1.5172535256592514
2376,475.20000000000005,1.5450791736710516
2377,475.40000000000003,1.5570011364099883
2378,475.6,1.5450307523302378
2379,475.8,1.5657809373027405
2380,476.0,1.645728832730586
2381,476.20000000000005,1.5718463756277845
2382,476.40000000000003,1.6366933344178598
2383,476.6,1.4121850803580842
2384,476.8,1.5343971254077855
2385,477.0,1.481287875346693
2386,477.20000000000005,1.517559944478757
2387,477.40000000000003,1.542235975775409
2388,477.6,1.556595399385868
2389,477.8,1.5153138273590927
2390,478.0,1.5072459720529297
2391,478.20000000000005,1.43240523531423
2392,478.40000000000003,1.522950187089204
2393,478.6,1.458430970802513
2394,478.8,1.5783557288077892
2395,479.0,1.4903983713888072
2396,479.20000000000005,1.5782904156919793
2397,479.40000000000003,1.444239427550275
2398,479.6,1.4527249606537027
2399,479.8,1.6138703692553442
2400,480.0,1.5293115788437128
2401,480.20000000000005,1.4980300328185432
2402,480.40000000000003,1.5856605844745195
2403,480.6,1.6259692973050948
2404,480.8,1.5639948314148249
2405,481.0,1.5852273827692107
2406,481.20000000000005,1.6779556218724219
2407,481.40000000000003,1.5012565547621328
2408,481.6,1.5087627062346511
2409,481.8,1.5347188958028262
2410,482.0,1.516526159165284
2411,482.20000000000005,1.4872249331189598
2412,482.40000000000003,1.5796678034757285
2413,482.6,1.5246666846221812
2414,482.8,1.5906953711663883
2415,483.0,1.5567608513632794
2416,483.20000000000005,1.5446883238065412
2417,483.40000000000003,1.4898747592902608
2418,483.6,1.632373446262961
2419,483.8,1.582875645734755
2420,484.0,1.5447169440558317
2421,484.20000000000005,1.5288100035352783
2422,484.40000000000003,1.5578166451519702
2423,484.6,1.5773744039138964
2424,484.8,1.616354961997496
2425,485.0,1.5285323297189284
2426,485.20000000000005,1.5376621688656447
2427,485.40000000000003,1.577840210465739
2428,485.6,1.562751260333154
2429,485.8,1.6498078986736
2430,486.0,1.5667314610910534
2431,486.20000000000005,1.5471164743913493
2432,486.40000000000003,1.5644219793763658
2433,486.6,1.4895859283707107
2434,486.8,1.6392235382550884
2435,487.0,1.6654675593951191
2436,487.20000000000005,1.6645182170410022
2437,487.40000000000003,1.6420476918481852
2438,487.6,1.6400224881732524
2439,487.8,1.605827579453548
2440,488.0,1.6167553522004305
2441,488.20000000000005,1.621748884031666
2442,488.40000000000003,1.6315597040536778
2443,488.6,1.5463507275818644
2444,488.8,1.5774796181622932
2445,489.0,1.5476848043230365
2446,489.20000000000005,1.669110595363179
2447,489.40000000000003,1.5448024170246786
2448,489.6,1.571382826676899
2449,489.8,1.4945726976559004
2450,490.0,1.5839830578997438
2451,490.20000000000005,1.5925231376081554
2452,490.40000000000003,1.5243056395544554
2453,490.6,1.5236862167506264
2454,490.8,1.4874919516128653
2455,491.0,1.4839277646624716
2456,491.20000000000005,1.546573056057177
2457,491.40000000000003,1.492223006740146
2458,491.6,1.5567054774457056
2459,491.8,1.5034903560498114
2460,492.0,1.5460490360933459
2461,492.20000000000005,1.4981756612539892
2462,492.40000000000003,1.6603754396125812
2463,492.6,1.6131584405227493
2464,492.8,1.5603341334274612
2465,493.0,1.5637582325913255
2466,493.20000000000005,1.723934124892505
2467,493.40000000000003,1.6522494918602812
2468,493.6,1.7635085818810017
2469,493.8,1.617477200088282
2470,494.0,1.7451831464040544
2471,494.20000000000005,1.7246697716216057
2472,494.40000000000003,1.5921055727882059
2473,494.6,1.5569211124516544
2474,494.8,1.5776859197324107
2475,495.0,1.5622927592668585
2476,495.20000000000005,1.529708268852028
2477,495.40000000000003,1.551947158278665
2478,495.6,1.5687324567807888
2479,495.8,1.568318222474116
2480,496.0,1.4820631011275727
2481,496.20000000000005,1.6136112938588085
2482,496.40000000000003,1.5890631448879156
2483,496.6,1.6084839429362903
2484,496.8,1.3845435196976883
2485,497.0,1.53344326018163
2486,497.20000000000005,1.5386372714605572
2487,497.40000000000003,1.5850029138785449
2488,497.6,1.5403894843081234
2489,497.8,1.5897484267011133
2490,498.0,1.514524634789528
2491,498.20000000000005,1.4594768329142005
2492,498.40000000000003,1.5022685498842472
2493,498.6,1.4637542794660685
2494,498.8,1.4607392037685656
2495,499.0,1.398062280107953
2496,499.20000000000005,1.5140682374697485
2497,499.40000000000003,1.438644024724064
2498,499.6,1.3739721649322039
2499,499.8,1.5254033146532828
