resid,persistence,frames_in_contact,total_frames,resname
1049,1.0,2500,2500,PHE
958,1.0,2500,2500,LEU
973,1.0,2500,2500,PHE
864,1.0,2500,2500,ASN
883,1.0,2500,2500,ARG
884,1.0,2500,2500,GLU
887,1.0,2500,2500,ALA
888,1.0,2500,2500,PHE
891,1.0,2500,2500,LEU
892,1.0,2500,2500,SER
895,0.9996,2499,2500,VAL
969,0.9988,2497,2500,VAL
972,0.9984,2496,2500,ILE
1046,0.996,2490,2500,HSD
868,0.9912,2478,2500,SER
1028,0.9908,2477,2500,LEU
793,0.9904,2476,2500,TYR
896,0.9888,2472,2500,PHE
937,0.9772,2443,2500,LEU
1024,0.964,2410,2500,ALA
808,0.9608,2402,2500,ARG
976,0.952,2380,2500,ILE
1021,0.918,2295,2500,TRP
869,0.8024,2006,2500,GLY
861,0.7908,1977,2500,PHE
957,0.5536,1384,2500,VAL
880,0.4664,1166,2500,TRP
1045,0.322,805,2500,ALA
797,0.2976,744,2500,LYS
961,0.23,575,2500,TYR
873,0.0292,73,2500,LEU
1052,0.0264,66,2500,SER
959,0.0252,63,2500,PRO
1025,0.0224,56,2500,PHE
870,0.008,20,2500,SER
933,0.0072,18,2500,ILE
934,0.0052,13,2500,SER
865,0.0028,7,2500,THR
867,0.0024,6,2500,LEU
970,0.002,5,2500,VAL
1043,0.0016,4,2500,TYR
1027,0.0008,2,2500,ILE
968,0.0008,2,2500,CYS
885,0.0008,2,2500,GLY
875,0.0004,1,2500,LEU
1050,0.0004,1,2500,ALA
801,0.0004,1,2500,GLU
1053,0.0004,1,2500,THR
