system_id,replica,g_protein_family,g_protein_family_label,harmonized_observations,tm_core_rmsd_A_p95,galpha_interface_rmsd_A_p95,contact_retention_p05
Gi_6CMO,1,Gi,Gi/o,1001,2.6064225391258704,5.5179628766628,0.8648648648648649
Gi_6CMO,2,Gi,Gi/o,1001,2.850781550905465,5.955229134814476,0.7906976744186046
Gi_6CMO,3,Gi,Gi/o,1001,2.589734238498213,6.22556642214424,0.8780487804878049
Gi_6D9H,1,Gi,Gi/o,1001,1.9108545232853769,4.528062536374306,0.9393939393939394
Gi_6D9H,2,Gi,Gi/o,1001,2.0422823511443737,6.484906835739865,0.9117647058823528
Gi_6D9H,3,Gi,Gi/o,1001,2.079897320542927,4.689777068992946,0.8709677419354839
Gi_6G79,1,Gi,Gi/o,1001,1.8965834034733733,8.426460629029544,0.7567567567567568
Gi_6G79,2,Gi,Gi/o,1001,1.935754620243968,6.229995007234945,0.7903225806451613
Gi_6G79,3,Gi,Gi/o,1001,1.5644454589091712,6.963467690378284,0.7681159420289855
Gi_6K42,1,Gi,Gi/o,1001,1.3349223237242511,5.599850650508638,0.8958333333333334
Gi_6K42,2,Gi,Gi/o,1001,1.3051697030241327,6.1098146215026565,0.875
Gi_6K42,3,Gi,Gi/o,1001,1.5454087403905428,9.008178110768489,0.8269230769230769
Gi_6LFO,1,Gi,Gi/o,1001,2.4522510342316366,6.165835927447242,0.819672131147541
Gi_6LFO,2,Gi,Gi/o,1001,2.3042041956916526,3.940475682062037,0.8235294117647058
Gi_6LFO,3,Gi,Gi/o,1001,2.334798478737629,5.352072644592121,0.9253731343283582
Gi_6LML,1,Gi,Gi/o,1001,2.987512186702024,5.204000290672488,0.85
Gi_6LML,2,Gi,Gi/o,1001,3.8778185097040345,8.221281983567964,0.48
Gi_6LML,3,Gi,Gi/o,1001,2.9693662235329774,5.386982073602007,0.9
Gi_6OSA,1,Gi,Gi/o,1001,1.8661924909588448,5.598273509734265,0.7464788732394366
Gi_6OSA,2,Gi,Gi/o,1001,1.8183064165731124,4.968188755972052,0.7777777777777778
Gi_6OSA,3,Gi,Gi/o,1001,1.837650711800456,5.287069476630045,0.5942028985507246
Gi_6PT0,1,Gi,Gi/o,1001,1.842725869595985,5.073517070473528,0.6410256410256411
Gi_6PT0,2,Gi,Gi/o,1001,1.555506538655527,5.362120746566793,0.6666666666666666
Gi_6PT0,3,Gi,Gi/o,1001,1.510225439027565,6.300221915364155,0.7045454545454546
Gi_6WWZ,1,Gi,Gi/o,1001,1.5544834921846715,4.960819561400046,0.9807692307692308
Gi_6WWZ,2,Gi,Gi/o,1001,1.880530269581179,3.867525953805445,1.0
Gi_6WWZ,3,Gi,Gi/o,1001,1.714468498743848,3.9300960479089446,1.0
Gi_7CMV,1,Gi,Gi/o,1001,1.961166648114992,7.570125249596128,0.8588235294117647
Gi_7CMV,2,Gi,Gi/o,1001,1.5669680034655136,5.910482959202763,0.7901234567901234
Gi_7CMV,3,Gi,Gi/o,1001,1.5174178991712974,8.14933319629275,0.8125
Gi_7D77,1,Gi,Gi/o,1001,1.910400784742096,5.203358361126297,0.967741935483871
Gi_7D77,2,Gi,Gi/o,1001,1.565808214189614,5.117394803553794,1.0
Gi_7D77,3,Gi,Gi/o,1001,1.8083262095310253,5.646691458443531,0.967741935483871
Gi_7E2X,1,Gi,Gi/o,1001,2.6213058930131674,9.01608142112604,0.8390804597701149
Gi_7E2X,2,Gi,Gi/o,1001,1.501656722583973,8.545447517449226,0.5955056179775281
Gi_7E2X,3,Gi,Gi/o,1001,2.3959715635945327,8.649574902381046,0.7471264367816092
Gi_7E32,1,Gi,Gi/o,1001,1.9138393787194832,6.622870599472433,0.984126984126984
Gi_7E32,2,Gi,Gi/o,1001,1.5950734307448815,5.627264060562145,0.9516129032258064
Gi_7E32,3,Gi,Gi/o,1001,2.075997775473644,4.876801957055,0.8387096774193549
Gi_7E33,1,Gi,Gi/o,1001,2.5037216636180557,4.918653084919981,0.9423076923076924
Gi_7E33,2,Gi,Gi/o,1001,1.4720601320070266,4.314929622211638,0.9772727272727272
Gi_7E33,3,Gi,Gi/o,1001,1.915942030609577,5.307525429882853,0.8604651162790697
Gi_7EJX,1,Gi,Gi/o,1001,3.043867030449792,11.694891343401665,0.6630434782608695
Gi_7EJX,2,Gi,Gi/o,1001,2.458768381031604,7.766609811575642,0.8928571428571429
Gi_7EJX,3,Gi,Gi/o,1001,2.732167018012692,5.295826050146565,0.7471264367816092
Gi_7EW1,1,Gi,Gi/o,1001,2.4778064088580845,8.633452172144336,0.6666666666666666
Gi_7EW1,2,Gi,Gi/o,1001,2.731216596028312,7.193224582244189,0.7441860465116279
Gi_7EW1,3,Gi,Gi/o,1001,2.6491297433792527,7.074013258065985,0.8235294117647058
Gi_7EW4,1,Gi,Gi/o,1001,1.989393145684172,5.084807858489941,0.8235294117647058
Gi_7EW4,2,Gi,Gi/o,1001,1.981080417045764,7.281559902367068,0.8181818181818182
Gi_7EW4,3,Gi,Gi/o,1001,2.151430434624737,5.375359849731654,0.8269230769230769
Gi_7EXD,1,Gi,Gi/o,1001,3.088511952674365,4.6155804318785885,0.9565217391304348
Gi_7EXD,2,Gi,Gi/o,1001,2.142339482820883,5.365732638997415,1.0
Gi_7EXD,3,Gi,Gi/o,1001,2.31702777002102,4.9432841288678295,0.903846153846154
Gi_7EZH,1,Gi,Gi/o,1001,1.9284061056785808,5.71489883986731,0.6666666666666666
Gi_7EZH,2,Gi,Gi/o,1001,2.0757891662831183,6.793036369544217,0.8840579710144928
Gi_7EZH,3,Gi,Gi/o,1001,2.1357381571074017,7.311481110037423,0.75
Gi_7F1Q,1,Gi,Gi/o,1001,1.622308260942188,3.2761570253313907,0.979591836734694
Gi_7F1Q,2,Gi,Gi/o,1001,1.622308260942188,3.2761570253313907,0.979591836734694
Gi_7F1Q,3,Gi,Gi/o,1001,2.0293627506401304,4.083477401057887,0.8775510204081632
Gi_7F8V,1,Gi,Gi/o,1001,2.341147112869701,9.004568691651938,0.7719298245614035
Gi_7F8V,2,Gi,Gi/o,1001,2.330128245435414,7.026128391254308,0.8113207547169812
Gi_7F8V,3,Gi,Gi/o,1001,2.6437388236746893,9.924222336304114,0.8333333333333334
Gi_7NA7,1,Gi,Gi/o,1001,1.8647044691305932,4.888763526985945,0.9056603773584906
Gi_7NA7,2,Gi,Gi/o,1001,1.795945399160501,4.524063007108066,0.9166666666666666
Gi_7NA7,3,Gi,Gi/o,1001,1.806887151468879,4.440645626243605,0.92
Gi_7QVM,1,Gi,Gi/o,1001,2.157030686010269,7.956803308174384,0.6964285714285714
Gi_7QVM,2,Gi,Gi/o,1001,3.6574402921063305,10.227338430510038,0.7021276595744681
Gi_7QVM,3,Gi,Gi/o,1001,2.8855093293467564,13.101889432913683,0.5689655172413793
Gi_7SQO,1,Gi,Gi/o,1001,2.12656558214809,5.919467276274304,0.5238095238095238
Gi_7SQO,2,Gi,Gi/o,1001,2.1596485593850674,7.493002111986332,0.75
Gi_7SQO,3,Gi,Gi/o,1001,1.8174032388187145,7.410503857286517,0.5833333333333334
Gi_7T10,1,Gi,Gi/o,1001,2.3646371063610685,6.615923523513197,0.8297872340425532
Gi_7T10,2,Gi,Gi/o,1001,2.0458011731590724,5.555815631357833,0.9772727272727272
Gi_7T10,3,Gi,Gi/o,1001,2.0924495454085483,7.676293644323042,0.95
Gi_7T96,1,Gi,Gi/o,1001,2.70251772415297,16.826668986836818,0.9479166666666666
Gi_7T96,2,Gi,Gi/o,1001,2.4343876988875484,12.059735727950342,0.9787234042553192
Gi_7T96,3,Gi,Gi/o,1001,2.304876955120643,7.88478077542803,0.8686868686868687
Gi_7TS0,1,Gi,Gi/o,1001,1.638883439087992,3.584382072211247,0.9411764705882352
Gi_7TS0,2,Gi,Gi/o,1001,2.0555549481365607,3.86682796807203,1.0
Gi_7TS0,3,Gi,Gi/o,1001,1.9046363109614688,3.948490823811817,1.0
Gi_7TUZ,1,Gi,Gi/o,1001,2.1118645772017928,4.274195569466945,0.9736842105263158
Gi_7TUZ,2,Gi,Gi/o,1001,2.654331219554708,6.012404205751095,0.84375
Gi_7TUZ,3,Gi,Gi/o,1001,2.85124621571211,4.156636144849378,0.951219512195122
Gi_7VDL,1,Gi,Gi/o,1001,1.785666550348219,4.692134517225997,0.8947368421052632
Gi_7VDL,2,Gi,Gi/o,1001,1.785666550348219,4.692134517225997,0.8947368421052632
Gi_7VDL,3,Gi,Gi/o,1001,2.104099563747592,5.450243388720351,0.8918918918918919
Gi_7VGZ,1,Gi,Gi/o,1001,1.9298778743051124,3.5595899552825414,1.0
Gi_7VGZ,2,Gi,Gi/o,1001,2.26465456285177,5.532845296149396,1.0
Gi_7VGZ,3,Gi,Gi/o,1001,2.21505308811974,4.577789530326596,0.8461538461538461
Gi_7VH0,1,Gi,Gi/o,1001,2.7069676985064146,5.064158401210709,0.96875
Gi_7VH0,2,Gi,Gi/o,1001,3.148869988373831,4.903391400164362,0.9692307692307692
Gi_7VH0,3,Gi,Gi/o,1001,2.592974206172217,6.249395762147583,0.9649122807017544
Gi_7VIF,1,Gi,Gi/o,1001,2.064910411786488,9.574341463450786,0.8333333333333334
Gi_7VIF,2,Gi,Gi/o,1001,1.6582660699870553,4.5709625992498815,0.9130434782608696
Gi_7VIF,3,Gi,Gi/o,1001,1.92529962088812,3.366112383409966,0.9607843137254902
Gi_7VKT,1,Gi,Gi/o,1001,2.2091871492693573,4.820626143657786,0.7894736842105263
Gi_7VKT,2,Gi,Gi/o,1001,1.8538218231519756,3.307946835133987,0.9705882352941176
Gi_7VKT,3,Gi,Gi/o,1001,2.9076408549826613,6.560305643477786,0.6511627906976745
Gi_7VL9,1,Gi,Gi/o,1001,2.089134643390141,5.286828322654621,0.9565217391304348
Gi_7VL9,2,Gi,Gi/o,1001,2.6138071142415464,3.0892496595518546,0.9555555555555556
Gi_7VL9,3,Gi,Gi/o,1001,2.0497523408002354,5.4389018530645314,0.9545454545454546
Gi_7W0N,1,Gi,Gi/o,1001,2.158322388347959,3.824883567258065,0.8421052631578947
Gi_7W0N,2,Gi,Gi/o,1001,2.962247162194592,4.994690473125025,0.8888888888888888
Gi_7W0N,3,Gi,Gi/o,1001,2.417522109159314,5.027132946440102,0.875
Gi_7W6P,1,Gi,Gi/o,1001,2.8907868995558013,8.668608477449776,0.7307692307692307
Gi_7W6P,2,Gi,Gi/o,1001,3.4473249307572624,6.379936265573569,0.7
Gi_7W6P,3,Gi,Gi/o,1001,2.5595586779569333,6.108721531485067,0.782608695652174
Gi_7WQ3,1,Gi,Gi/o,1001,1.8869489417597465,3.819740630154312,0.9583333333333334
Gi_7WQ3,2,Gi,Gi/o,1001,1.6785170789139694,4.644105382865402,0.9545454545454546
Gi_7WQ3,3,Gi,Gi/o,1001,1.5356404636375482,3.4845161446895347,1.0
Gi_7WU9,1,Gi,Gi/o,1001,2.261714382228436,4.542914439032128,1.0
Gi_7WU9,2,Gi,Gi/o,1001,2.6118753919110227,3.728214362534092,1.0
Gi_7WU9,3,Gi,Gi/o,1001,2.401904785085032,5.825535012468392,0.9523809523809524
Gi_7WV9,1,Gi,Gi/o,1001,2.347471841625383,5.815975552553775,0.803030303030303
Gi_7WV9,2,Gi,Gi/o,1001,1.95017990786634,5.840635750319275,0.6333333333333333
Gi_7WV9,3,Gi,Gi/o,1001,2.7292076677567816,5.3603735198953135,0.875
Gi_7WVU,1,Gi,Gi/o,1001,2.9968266651737445,7.196990373289196,0.9302325581395348
Gi_7WVU,2,Gi,Gi/o,1001,1.96162853545958,4.144707674762624,1.0
Gi_7WVU,3,Gi,Gi/o,1001,2.684961952251536,6.686207362749311,1.0
Gi_7WVX,1,Gi,Gi/o,1001,2.087325675877199,4.0959471287079445,1.0
Gi_7WVX,2,Gi,Gi/o,1001,2.5712321557553084,4.737684130146046,0.9807692307692308
Gi_7WVX,3,Gi,Gi/o,1001,2.431708419249873,5.029796495717616,0.975609756097561
Gi_7X5H,1,Gi,Gi/o,1001,3.175088975969428,5.473440077188012,0.9130434782608696
Gi_7X5H,2,Gi,Gi/o,1001,2.7487807256952856,5.720027872239351,0.7441860465116279
Gi_7X5H,3,Gi,Gi/o,1001,2.7903061977575714,5.766325291925768,0.9230769230769232
Gi_7X9A,1,Gi,Gi/o,1001,1.9153809606594023,7.197561269690684,0.7837837837837838
Gi_7X9A,2,Gi,Gi/o,1001,2.1715577922049225,5.5139475640992375,0.975
Gi_7X9A,3,Gi,Gi/o,1001,2.226124854204088,6.060441604481428,0.902439024390244
Gi_7X9C,1,Gi,Gi/o,1001,1.8846198041873776,4.824274679773929,0.8285714285714286
Gi_7X9C,2,Gi,Gi/o,1001,1.845601919630501,4.140412771114481,0.7708333333333334
Gi_7X9C,3,Gi,Gi/o,1001,2.1193898805865503,6.314349209193447,0.9230769230769232
Gi_7X9Y,1,Gi,Gi/o,1001,3.0841751305111305,4.833948586878694,0.9722222222222222
Gi_7X9Y,2,Gi,Gi/o,1001,2.266248631764922,4.877293899621057,1.0
Gi_7X9Y,3,Gi,Gi/o,1001,3.314069169693996,5.42753671122067,0.967741935483871
Gi_7XA3,1,Gi,Gi/o,1001,1.837180530269915,3.443847975018125,0.8837209302325582
Gi_7XA3,2,Gi,Gi/o,1001,1.7233222850078147,3.678151678501655,0.9148936170212766
Gi_7XA3,3,Gi,Gi/o,1001,1.781200258343741,4.706373875906199,0.975
Gi_7XBX,1,Gi,Gi/o,1001,2.7130170872875343,5.231409153169506,0.8115942028985508
Gi_7XBX,2,Gi,Gi/o,1001,2.281184191278696,4.662944635600642,0.9016393442622952
Gi_7XBX,3,Gi,Gi/o,1001,2.088475347182507,3.272497535601301,0.984375
Gi_7XK2,1,Gi,Gi/o,1001,2.962808460947803,4.022857853735756,0.8235294117647058
Gi_7XK2,2,Gi,Gi/o,1001,3.259376854816359,5.591639307205213,0.8148148148148148
Gi_7XK2,3,Gi,Gi/o,1001,3.138271515541414,4.978624824647117,0.8695652173913043
Gi_7XK8,1,Gi,Gi/o,1001,3.148690248478974,8.286203398617952,0.8888888888888888
Gi_7XK8,2,Gi,Gi/o,1001,2.8454964836481524,7.066032607772443,0.8620689655172413
Gi_7XK8,3,Gi,Gi/o,1001,2.9194376849344845,5.565074891591098,0.8536585365853658
Gi_7XMS,1,Gi,Gi/o,1001,2.751922041613976,6.479803234400184,0.9393939393939394
Gi_7XMS,2,Gi,Gi/o,1001,2.4775313971542694,4.898072019749459,0.9714285714285714
Gi_7XMS,3,Gi,Gi/o,1001,2.412331966701431,5.218888269213076,0.9444444444444444
Gi_7XTA,1,Gi,Gi/o,1001,4.368989526116324,7.709390725822977,0.2923076923076923
Gi_7XTA,2,Gi,Gi/o,1001,4.538734626999482,10.029712549199528,0.6875
Gi_7XTA,3,Gi,Gi/o,1001,4.133421266869627,11.765123475511466,0.1969696969696969
Gi_7XXI,1,Gi,Gi/o,1001,2.661425795501436,9.107386187162446,0.6888888888888889
Gi_7XXI,2,Gi,Gi/o,1001,2.601657651613906,5.468503591967416,0.9534883720930232
Gi_7XXI,3,Gi,Gi/o,1001,2.154332386527838,7.684342196039915,0.8913043478260869
Gi_7Y12,1,Gi,Gi/o,1001,1.8184482363192809,3.9337753265996014,0.979591836734694
Gi_7Y12,2,Gi,Gi/o,1001,1.7735134213397643,4.041014497555488,0.9782608695652174
Gi_7Y12,3,Gi,Gi/o,1001,1.8393101683112785,3.9310496164215967,0.9583333333333334
Gi_7Y89,1,Gi,Gi/o,1001,3.083936996011973,3.750975011769124,0.8409090909090909
Gi_7Y89,2,Gi,Gi/o,1001,2.9824074142169006,5.360725812157025,0.8444444444444444
Gi_7Y89,3,Gi,Gi/o,1001,2.562650248188186,5.5774984470002655,0.84
Gi_7YK6,1,Gi,Gi/o,1001,2.466671121904085,4.367497757694594,0.9230769230769232
Gi_7YK6,2,Gi,Gi/o,1001,2.7039087668719266,6.677157819071235,0.9487179487179488
Gi_7YK6,3,Gi,Gi/o,1001,2.679769361940956,4.00224882763891,0.9743589743589745
Gi_7YK7,1,Gi,Gi/o,1001,1.8566985483944427,4.783883049811868,0.975609756097561
Gi_7YK7,2,Gi,Gi/o,1001,2.141503686904639,7.335253306749832,0.975
Gi_7YK7,3,Gi,Gi/o,1001,2.064142326071108,4.587985729624288,0.9714285714285714
Gi_7YKD,1,Gi,Gi/o,1001,3.0849415276295504,5.922056167991331,1.0
Gi_7YKD,2,Gi,Gi/o,1001,3.8598556108794178,5.383544284914196,0.8918918918918919
Gi_7YKD,3,Gi,Gi/o,1001,2.239949487798888,3.933611544507692,0.951219512195122
Gi_7YON,1,Gi,Gi/o,1001,2.2952013439566072,6.834378546724119,0.9772727272727272
Gi_7YON,2,Gi,Gi/o,1001,1.899665664206603,7.642031733498081,0.8888888888888888
Gi_7YON,3,Gi,Gi/o,1001,1.851960351548919,4.424407314232353,0.9230769230769232
Gi_7YU8,1,Gi,Gi/o,1001,3.17425720051153,4.52240380922623,0.8666666666666667
Gi_7YU8,2,Gi,Gi/o,1001,3.1825386334891315,6.0318787191387,0.734375
Gi_7YU8,3,Gi,Gi/o,1001,2.134016374180196,4.071266468977244,0.9298245614035088
Gi_8DZQ,1,Gi,Gi/o,1001,1.9607447281972423,3.392651880532564,0.9772727272727272
Gi_8DZQ,2,Gi,Gi/o,1001,1.7700407784184042,3.840894767913885,0.8863636363636364
Gi_8DZQ,3,Gi,Gi/o,1001,2.040065370492686,4.489003565306396,0.951219512195122
Gi_8EFO,1,Gi,Gi/o,1001,1.833185332111927,4.598294110128754,0.9565217391304348
Gi_8EFO,2,Gi,Gi/o,1001,2.7571072336835427,7.3436197969121855,0.7555555555555555
Gi_8EFO,3,Gi,Gi/o,1001,1.8393424594401904,7.8530391400118384,0.926829268292683
Gi_8F7S,1,Gi,Gi/o,1001,2.2891660556117364,5.15573973873024,0.8837209302325582
Gi_8F7S,2,Gi,Gi/o,1001,2.0534895120059224,3.954269017148377,0.9166666666666666
Gi_8F7S,3,Gi,Gi/o,1001,2.1809674483134187,3.975815491949292,0.9607843137254902
Gi_8HK2,1,Gi,Gi/o,1001,1.686088669779522,3.0735962205896263,1.0
Gi_8HK2,2,Gi,Gi/o,1001,1.89408036260552,4.557324660236255,1.0
Gi_8HK2,3,Gi,Gi/o,1001,2.14258498172544,6.444708364879354,0.9722222222222222
Gi_8HK5,1,Gi,Gi/o,1001,1.6655309130188307,4.055468259855282,1.0
Gi_8HK5,2,Gi,Gi/o,1001,1.7653951593645212,6.488984941975229,0.9696969696969696
Gi_8HK5,3,Gi,Gi/o,1001,1.9595804826502223,5.257962012558798,0.96875
Gi_8HQM,1,Gi,Gi/o,1001,3.15547992483414,5.003210874784381,0.9166666666666666
Gi_8HQM,2,Gi,Gi/o,1001,3.640917886733174,6.760410041857489,0.945945945945946
Gi_8HQM,3,Gi,Gi/o,1001,3.693044122766968,10.670607392984593,0.9487179487179488
Gi_8HS3,1,Gi,Gi/o,1001,3.175962270125486,6.064808475912935,0.9166666666666666
Gi_8HS3,2,Gi,Gi/o,1001,2.4122959341820533,7.350091901391833,0.8
Gi_8HS3,3,Gi,Gi/o,1001,4.183519004867017,6.807344178609701,0.7954545454545454
Gi_8IC0,1,Gi,Gi/o,1001,1.5572541316268216,5.627355896311773,0.9375
Gi_8IC0,2,Gi,Gi/o,1001,1.9752192590348052,6.112978259803846,0.9375
Gi_8IC0,3,Gi,Gi/o,1001,2.265854429726244,7.360090076953544,0.94
Gi_8ID9,1,Gi,Gi/o,1001,1.677636799744804,5.038742359307497,0.92
Gi_8ID9,2,Gi,Gi/o,1001,2.0565028169510846,5.308237059396826,0.88
Gi_8ID9,3,Gi,Gi/o,1001,2.1776310917999657,8.181212661726386,0.9
Gi_8IHJ,1,Gi,Gi/o,1001,2.682330316313163,5.196997727634014,0.9310344827586208
Gi_8IHJ,2,Gi,Gi/o,1001,2.5921802867611548,5.890013592441263,1.0
Gi_8IHJ,3,Gi,Gi/o,1001,2.151603396792096,5.141353915959219,0.9545454545454546
Gi_8IRU,1,Gi,Gi/o,1001,1.650044740549613,10.574720998416751,0.8055555555555556
Gi_8IRU,2,Gi,Gi/o,1001,2.076119926372367,7.54019103096833,0.7866666666666666
Gi_8IRU,3,Gi,Gi/o,1001,1.7546960884607017,5.238447230359553,0.8309859154929577
Gi_8IU2,1,Gi,Gi/o,1001,2.3957515341679416,9.222409142417249,0.8181818181818182
Gi_8IU2,2,Gi,Gi/o,1001,2.383738791253339,6.721982379126152,1.0
Gi_8IU2,3,Gi,Gi/o,1001,2.353030367490856,8.569215715577466,0.8125
Gi_8IY5,1,Gi,Gi/o,1001,2.185730805585198,5.278790184607646,0.9298245614035088
Gi_8IY5,2,Gi,Gi/o,1001,2.3491290630565445,5.157080537171225,0.8518518518518519
Gi_8IY5,3,Gi,Gi/o,1001,1.9234462272271649,5.817191245792585,0.9333333333333332
Gi_8J18,1,Gi,Gi/o,1001,1.806557582533867,12.546616634527227,0.4607843137254901
Gi_8J18,2,Gi,Gi/o,1001,1.667656203105136,11.656153176949978,0.7473684210526316
Gi_8J18,3,Gi,Gi/o,1001,1.826592454522284,8.759014846947268,0.4554455445544554
Gi_8J21,1,Gi,Gi/o,1001,2.2123382704366223,6.705592046163568,1.0
Gi_8J21,2,Gi,Gi/o,1001,2.200499622234185,4.11274458821842,0.981132075471698
Gi_8J21,3,Gi,Gi/o,1001,1.9039655782563136,6.348978768024617,0.8
Gi_8J6D,1,Gi,Gi/o,1001,1.9587825592936667,3.1550415399682867,1.0
Gi_8J6D,2,Gi,Gi/o,1001,1.9536869063663267,6.507067606092003,0.967741935483871
Gi_8J6D,3,Gi,Gi/o,1001,1.6878577441022655,4.489997962583311,0.9705882352941176
Gi_8JZZ,1,Gi,Gi/o,1001,2.3969943003348937,6.636543008948201,0.8490566037735849
Gi_8JZZ,2,Gi,Gi/o,1001,2.2576978901905624,7.0543988155891695,0.875
Gi_8JZZ,3,Gi,Gi/o,1001,2.199408096170528,4.751080662256822,0.9607843137254902
Gi_8K3Z,1,Gi,Gi/o,1001,1.4225485610534143,3.853788142788977,1.0
Gi_8K3Z,2,Gi,Gi/o,1001,1.2252370964854329,5.722033788971771,0.9787234042553192
Gi_8K3Z,3,Gi,Gi/o,1001,1.4796672646275808,5.367163996253972,0.9777777777777776
Gi_8K6O,1,Gi,Gi/o,1001,2.424358159973142,4.044318760767464,0.9696969696969696
Gi_8K6O,2,Gi,Gi/o,1001,2.424358159973142,4.044318760767464,0.9696969696969696
Gi_8K6O,3,Gi,Gi/o,1001,1.674815433558546,5.534288070060648,0.9166666666666666
Gi_8KFX,1,Gi,Gi/o,1001,2.5219902475945903,4.341416901033144,0.9761904761904762
Gi_8KFX,2,Gi,Gi/o,1001,2.611790679214737,6.123334630307237,0.9534883720930232
Gi_8KFX,3,Gi,Gi/o,1001,2.0239582693336065,4.514634047891626,0.9772727272727272
Gi_8PJK,1,Gi,Gi/o,1001,1.8809378226575544,2.853464841233279,0.8529411764705882
Gi_8PJK,2,Gi,Gi/o,1001,2.4401755816580493,3.8017400058181856,0.7846153846153846
Gi_8PJK,3,Gi,Gi/o,1001,2.358273713977322,4.252014740856578,0.855072463768116
Gi_8UGY,1,Gi,Gi/o,1001,1.32975053895766,5.626213259372449,0.902439024390244
Gi_8UGY,2,Gi,Gi/o,1001,1.3320738692993694,4.416278674857882,0.9166666666666666
Gi_8UGY,3,Gi,Gi/o,1001,1.477558658620576,4.649660917331867,0.8292682926829268
Gi_8WWH,1,Gi,Gi/o,1001,1.8091910287101496,3.1917143984474072,0.967741935483871
Gi_8WWH,2,Gi,Gi/o,1001,2.170069351257973,3.3171280328610324,1.0
Gi_8WWH,3,Gi,Gi/o,1001,2.000776902205551,3.6439382429726432,1.0
Gi_8X8L,1,Gi,Gi/o,1001,2.059022040500505,6.961859994253548,0.8181818181818182
Gi_8X8L,2,Gi,Gi/o,1001,1.571034071908142,4.519601488723329,0.8703703703703703
Gi_8X8L,3,Gi,Gi/o,1001,2.486122607530367,3.8853196655089386,0.92
Gi_8XGM,1,Gi,Gi/o,1001,1.6978417059861337,6.249975376579506,1.0
Gi_8XGM,2,Gi,Gi/o,1001,1.626653024528814,8.466944618025881,0.96875
Gi_8XGM,3,Gi,Gi/o,1001,1.9156781805894767,7.12546992523668,0.9032258064516128
Gi_8XIP,1,Gi,Gi/o,1001,3.176662973731476,5.138732077621159,0.8571428571428571
Gi_8XIP,2,Gi,Gi/o,1001,2.453642444497138,5.636159274938894,1.0
Gi_8XIP,3,Gi,Gi/o,1001,3.010535989146567,5.7543834746969695,0.9032258064516128
Gi_8XIQ,1,Gi,Gi/o,1001,2.893451763151517,9.442099494545944,0.8823529411764706
Gi_8XIQ,2,Gi,Gi/o,1001,2.710100505511341,10.619349957727954,0.8947368421052632
Gi_8XIQ,3,Gi,Gi/o,1001,2.2188061021712926,6.048251886256814,0.925
Gi_8XXU,1,Gi,Gi/o,1001,2.0103393815513493,4.429881779655672,0.9714285714285714
Gi_8XXU,2,Gi,Gi/o,1001,2.68817096533005,3.99471399470186,1.0
Gi_8XXU,3,Gi,Gi/o,1001,1.798725134500849,2.796252891825139,1.0
Gi_8XYD,1,Gi,Gi/o,1001,3.070107081702476,7.812742962923361,0.782608695652174
Gi_8XYD,2,Gi,Gi/o,1001,1.8484891756554012,4.132318623810689,0.98
Gi_8XYD,3,Gi,Gi/o,1001,2.3810863499745776,5.530260903192128,0.92
Gi_8XZI,1,Gi,Gi/o,1001,2.273407292746921,4.74214125344062,0.9117647058823528
Gi_8XZI,2,Gi,Gi/o,1001,1.565576482480807,4.215899750612192,0.9032258064516128
Gi_8XZI,3,Gi,Gi/o,1001,2.67647796167223,5.334296816106635,0.8064516129032258
Gi_8YIC,1,Gi,Gi/o,1001,3.4561542997681465,7.707617041922582,0.5869565217391305
Gi_8YIC,2,Gi,Gi/o,1001,2.940394428676385,8.2108417400709,0.7608695652173914
Gi_8YIC,3,Gi,Gi/o,1001,3.245142201966937,11.88602044329968,0.717391304347826
Gi_8YNA,1,Gi,Gi/o,1001,2.907115529022569,6.416698587962534,0.8771929824561403
Gi_8YNA,2,Gi,Gi/o,1001,3.6502134156116375,9.218505750306688,0.8771929824561403
Gi_8YNA,3,Gi,Gi/o,1001,2.594561279582813,6.041956751213805,0.875
Gi_8ZQE,1,Gi,Gi/o,1001,2.6090910641088136,4.516783846510021,0.7704918032786885
Gi_8ZQE,2,Gi,Gi/o,1001,2.6059590480147867,5.2366042834188695,0.7377049180327869
Gi_8ZQE,3,Gi,Gi/o,1001,2.4068727530152465,3.4491471027564264,0.8064516129032258
Gi_9AST,1,Gi,Gi/o,1001,1.276518977050738,3.129657795115758,1.0
Gi_9AST,2,Gi,Gi/o,1001,1.5894291437403845,4.323251984429238,0.967741935483871
Gi_9AST,3,Gi,Gi/o,1001,1.398507126177887,4.928673415752059,0.9444444444444444
Gi_9IIX,1,Gi,Gi/o,1001,3.0211043012224743,5.617792924543218,0.96
Gi_9IIX,2,Gi,Gi/o,1001,2.513156718062181,4.822104340922524,0.9649122807017544
Gi_9IIX,3,Gi,Gi/o,1001,2.71007947600792,4.663407140846469,1.0
Gi_9J5V,1,Gi,Gi/o,1001,2.6880061527950354,4.8691096836153385,0.9629629629629628
Gi_9J5V,2,Gi,Gi/o,1001,2.2390046766623746,8.950506207715954,0.9508196721311476
Gi_9J5V,3,Gi,Gi/o,1001,2.068116799137089,3.989232552286418,0.9649122807017544
Gs_3SN6,1,Gs,Gs,1001,2.7109287075946096,6.602307304927524,0.7674418604651163
Gs_3SN6,2,Gs,Gs,1001,2.704945908202371,9.676858980403228,0.8409090909090909
Gs_3SN6,3,Gs,Gs,1001,3.340394244869984,6.721502467705965,0.8837209302325582
Gs_6GDG,1,Gs,Gs,1001,2.512304264739714,5.2656541687116505,0.7068965517241379
Gs_6GDG,2,Gs,Gs,1001,2.802803195573317,6.384146776682268,0.7666666666666667
Gs_6GDG,3,Gs,Gs,1001,3.94053138601534,4.190262261743816,0.7894736842105263
Gs_6LI3,1,Gs,Gs,1001,3.478141619727101,9.39083710547621,0.7659574468085106
Gs_6LI3,2,Gs,Gs,1001,3.929807762625143,7.798271264815546,0.673469387755102
Gs_6LI3,3,Gs,Gs,1001,4.602648668317699,7.14726476916826,0.9285714285714286
Gs_6NBI,1,Gs,Gs,1001,2.6629690383573257,4.244668173286965,0.8064516129032258
Gs_6NBI,2,Gs,Gs,1001,1.9426163953030369,5.117513597504788,0.8148148148148148
Gs_6NBI,3,Gs,Gs,1001,2.00939057662549,4.366512376851048,0.8333333333333334
Gs_6PB0,1,Gs,Gs,1001,2.4376838131569376,5.910248456534203,1.0
Gs_6PB0,2,Gs,Gs,1001,2.128129289422425,6.254068274115106,0.8571428571428571
Gs_6PB0,3,Gs,Gs,1001,2.5154060773854163,5.597921204319129,0.9642857142857144
Gs_6PB1,1,Gs,Gs,1001,1.557915014396997,8.212545111794546,0.7916666666666666
Gs_6PB1,2,Gs,Gs,1001,1.5833819291782905,3.643469527220947,0.9615384615384616
Gs_6PB1,3,Gs,Gs,1001,2.104658770722406,6.511400399815245,0.8181818181818182
Gs_6UVA,1,Gs,Gs,1001,2.3608267129686213,5.260723844122816,0.76
Gs_6UVA,2,Gs,Gs,1001,2.9400675569004315,6.479192446202189,0.782608695652174
Gs_6UVA,3,Gs,Gs,1001,1.8371773799650384,4.929400691956618,0.8928571428571429
Gs_6WZG,1,Gs,Gs,1001,3.0842664146011245,5.349773780944911,0.8125
Gs_6WZG,2,Gs,Gs,1001,2.503169635079341,5.456173438195719,0.7407407407407407
Gs_6WZG,3,Gs,Gs,1001,2.3878511682464305,5.260085091372442,0.8918918918918919
Gs_7CFN,1,Gs,Gs,1001,1.471997856928387,3.600676458485958,0.9777777777777776
Gs_7CFN,2,Gs,Gs,1001,1.6876491447776096,4.781099474021833,1.0
Gs_7CFN,3,Gs,Gs,1001,1.7038603146012716,4.756204055104353,0.8974358974358975
Gs_7CX2,1,Gs,Gs,1001,2.192672416421811,9.032463257020614,0.589041095890411
Gs_7CX2,2,Gs,Gs,1001,3.705069170564237,3.2644282088677734,0.961038961038961
Gs_7CX2,3,Gs,Gs,1001,2.473709088364299,6.623465321374593,0.6533333333333333
Gs_7D68,1,Gs,Gs,1001,3.117805971058215,5.078216011128452,0.9047619047619048
Gs_7D68,2,Gs,Gs,1001,2.895636098025057,4.402426991685163,0.8666666666666667
Gs_7D68,3,Gs,Gs,1001,2.985419442627389,4.470243347796494,0.9583333333333334
Gs_7D7M,1,Gs,Gs,1001,3.000605591812316,6.453836013510134,0.7346938775510204
Gs_7D7M,2,Gs,Gs,1001,2.7971502975063296,4.519464464560289,0.8863636363636364
Gs_7D7M,3,Gs,Gs,1001,2.304473073248715,4.10417701226466,0.76
Gs_7DUQ,1,Gs,Gs,1001,2.119019220683906,5.350257571979807,0.9130434782608696
Gs_7DUQ,2,Gs,Gs,1001,1.6386856788651212,5.316864383761321,0.9565217391304348
Gs_7DUQ,3,Gs,Gs,1001,1.6808692042020152,4.392965178802833,0.9565217391304348
Gs_7EQ1,1,Gs,Gs,1001,1.699459947652585,6.658073283733373,0.9047619047619048
Gs_7EQ1,2,Gs,Gs,1001,1.949638859639168,4.629052245427707,0.9318181818181818
Gs_7EQ1,3,Gs,Gs,1001,1.5983566180823454,5.114857152440627,0.8285714285714286
Gs_7F16,1,Gs,Gs,1001,1.7495190969359682,3.914484040629922,0.9333333333333332
Gs_7F16,2,Gs,Gs,1001,1.8681370914741957,6.078383550195036,0.7878787878787878
Gs_7F16,3,Gs,Gs,1001,1.814214599645212,5.516618199874077,0.9473684210526316
Gs_7F4H,1,Gs,Gs,1001,2.572297882267749,7.490174393860687,0.9069767441860463
Gs_7F4H,2,Gs,Gs,1001,2.520580507036561,7.318906758683814,0.8
Gs_7F4H,3,Gs,Gs,1001,3.2699910106543792,9.685042498140142,0.7777777777777778
Gs_7F54,1,Gs,Gs,1001,3.007530565103097,7.312599796111453,1.0
Gs_7F54,2,Gs,Gs,1001,2.754336662944868,6.209904896357301,1.0
Gs_7F54,3,Gs,Gs,1001,3.017958714450788,8.534115919424487,0.8775510204081632
Gs_7FIG,1,Gs,Gs,1001,2.910956650134891,6.811280067976622,0.8928571428571429
Gs_7FIG,2,Gs,Gs,1001,3.138499119935916,7.757411213107392,0.75
Gs_7FIG,3,Gs,Gs,1001,2.942286031666491,9.536413643795704,0.8709677419354839
Gs_7FIN,1,Gs,Gs,1001,2.735944456450933,2.987582294243472,0.9393939393939394
Gs_7FIN,2,Gs,Gs,1001,1.876708160859,3.782435451589991,0.9117647058823528
Gs_7FIN,3,Gs,Gs,1001,2.334861764664197,6.269844338428746,0.7419354838709677
Gs_7JVQ,1,Gs,Gs,1001,1.9089446411333544,6.309628610565311,0.9787234042553192
Gs_7JVQ,2,Gs,Gs,1001,1.718746992316137,4.744716532227479,0.9285714285714286
Gs_7JVQ,3,Gs,Gs,1001,1.8177645017037456,4.544366532344964,0.9272727272727272
Gs_7KH0,1,Gs,Gs,1001,3.1003075138932767,5.753014921675611,0.8771929824561403
Gs_7KH0,2,Gs,Gs,1001,3.276436827672095,10.876019943452688,0.7241379310344828
Gs_7KH0,3,Gs,Gs,1001,2.7049358678376336,8.965458634953707,0.7090909090909091
Gs_7L1V,1,Gs,Gs,1001,2.8586916675428413,11.334226719412085,0.8095238095238095
Gs_7L1V,2,Gs,Gs,1001,1.897191725708144,6.102814335860646,0.7674418604651163
Gs_7L1V,3,Gs,Gs,1001,1.6147399206325084,8.924880376110321,0.6976744186046512
Gs_7MBX,1,Gs,Gs,1001,1.4901642217183693,6.375311276503125,0.6707317073170732
Gs_7MBX,2,Gs,Gs,1001,1.6201989502360954,5.175070511131063,0.8170731707317073
Gs_7MBX,3,Gs,Gs,1001,2.794088958288535,11.142078311206436,0.6206896551724138
Gs_7RMH,1,Gs,Gs,1001,1.870177122953793,5.001950039249568,0.8378378378378378
Gs_7RMH,2,Gs,Gs,1001,2.2019460947415945,4.3368919037617255,0.7692307692307693
Gs_7RMH,3,Gs,Gs,1001,1.5001584303041933,4.353500264941751,0.9487179487179488
Gs_7T9N,1,Gs,Gs,1001,2.540252486677632,5.149431829607445,0.9565217391304348
Gs_7T9N,2,Gs,Gs,1001,3.034314335832778,6.625207707719909,0.9523809523809524
Gs_7T9N,3,Gs,Gs,1001,2.1053468683390992,4.780758350438926,1.0
Gs_7TMW,1,Gs,Gs,1001,3.291557499154218,6.213509402822877,0.8
Gs_7TMW,2,Gs,Gs,1001,3.288608825864188,5.074574327939842,0.8085106382978723
Gs_7TMW,3,Gs,Gs,1001,3.4412136759738416,8.07101356863422,0.8571428571428571
Gs_7V9M,1,Gs,Gs,1001,2.408322284780175,8.059031755394216,0.6756756756756757
Gs_7V9M,2,Gs,Gs,1001,1.5431722853794505,5.6425472193998765,0.875
Gs_7V9M,3,Gs,Gs,1001,1.7218803078112668,5.199531559436666,0.8611111111111112
Gs_7WBJ,1,Gs,Gs,1001,2.8051660483514165,4.241913479938282,0.8947368421052632
Gs_7WBJ,2,Gs,Gs,1001,2.800839424964267,5.923131876485275,0.782608695652174
Gs_7WBJ,3,Gs,Gs,1001,2.668103952506458,4.225292635379672,0.9473684210526316
Gs_7WU2,1,Gs,Gs,1001,1.8445713028148885,5.115309922183328,0.90625
Gs_7WU2,2,Gs,Gs,1001,1.7760451540502658,5.810353398081571,0.8709677419354839
Gs_7WU2,3,Gs,Gs,1001,1.88017362494194,5.586277334022855,0.92
Gs_7WU3,1,Gs,Gs,1001,1.8883209638995733,5.153338644525216,0.7777777777777778
Gs_7WU3,2,Gs,Gs,1001,1.7612767413354369,5.46557054588808,0.875
Gs_7WU3,3,Gs,Gs,1001,2.0700750312871743,4.456295570045025,0.9666666666666668
Gs_7WUJ,1,Gs,Gs,1001,2.2469570974071846,4.901179684511996,0.9705882352941176
Gs_7WUJ,2,Gs,Gs,1001,2.3979165482526468,4.212718809973408,0.972972972972973
Gs_7WUJ,3,Gs,Gs,1001,2.34629308782262,4.514529517142576,0.9142857142857144
Gs_7XT8,1,Gs,Gs,1001,2.394523546495882,6.093373097657327,0.9821428571428572
Gs_7XT8,2,Gs,Gs,1001,2.6462972235196887,7.469474960112968,0.75
Gs_7XT8,3,Gs,Gs,1001,2.203136604966382,6.472354635568117,0.935483870967742
Gs_7XTB,1,Gs,Gs,1001,1.7835967606664789,8.081243770244235,0.7761194029850746
Gs_7XTB,2,Gs,Gs,1001,1.626399885224159,4.749227128810573,0.864406779661017
Gs_7XTB,3,Gs,Gs,1001,1.478242374540367,4.413696179188405,0.8666666666666667
Gs_7XTC,1,Gs,Gs,1001,1.6276104449642943,4.419638016442135,0.875
Gs_7XTC,2,Gs,Gs,1001,1.774420184694086,4.265411427529997,0.8181818181818182
Gs_7XTC,3,Gs,Gs,1001,1.9036064331682605,5.172578788963422,0.913793103448276
Gs_7XV3,1,Gs,Gs,1001,2.3599149572572866,3.1533503594514216,1.0
Gs_7XV3,2,Gs,Gs,1001,2.733079725718053,5.259683536528857,0.9736842105263158
Gs_7XV3,3,Gs,Gs,1001,3.301812809133849,4.322945977020151,1.0
Gs_7XZ5,1,Gs,Gs,1001,1.9056775569271116,4.047553172160803,0.9814814814814816
Gs_7XZ5,2,Gs,Gs,1001,2.200293044346173,4.546837741088542,0.9622641509433962
Gs_7XZ5,3,Gs,Gs,1001,1.8713644692054456,4.042769879541553,1.0
Gs_7Y3G,1,Gs,Gs,1001,3.1380478400085767,5.427669904694944,0.8837209302325582
Gs_7Y3G,2,Gs,Gs,1001,2.96077077800969,4.978673025967368,0.8461538461538461
Gs_7Y3G,3,Gs,Gs,1001,3.054874100961381,5.057021409907792,0.8947368421052632
Gs_8E3X,1,Gs,Gs,1001,2.15219497496199,6.76238568213287,0.9285714285714286
Gs_8E3X,2,Gs,Gs,1001,3.381678040907317,4.635723982668386,0.9090909090909092
Gs_8E3X,3,Gs,Gs,1001,2.550507312051158,7.7689077051035325,0.76
Gs_8E3Y,1,Gs,Gs,1001,2.074218607495514,4.914137750536929,1.0
Gs_8E3Y,2,Gs,Gs,1001,2.369423723017954,4.831825298871842,0.9545454545454546
Gs_8E3Y,3,Gs,Gs,1001,1.8216413469074697,5.047378096883975,0.9130434782608696
Gs_8F0J,1,Gs,Gs,1001,1.5695741259879008,7.223147120057393,0.9032258064516128
Gs_8F0J,2,Gs,Gs,1001,1.5101801290896026,4.194726040623691,1.0
Gs_8F0J,3,Gs,Gs,1001,1.62031583708087,4.846349157307229,0.96875
Gs_8F76,1,Gs,Gs,1001,1.7655119400006305,2.8067748532144954,0.9722222222222222
Gs_8F76,2,Gs,Gs,1001,1.59107107313686,3.0751303903808846,0.9714285714285714
Gs_8F76,3,Gs,Gs,1001,1.4900647657259871,3.5270272167493486,0.9473684210526316
Gs_8FU6,1,Gs,Gs,1001,2.083807462539012,5.100563206997181,0.7352941176470589
Gs_8FU6,2,Gs,Gs,1001,2.133742968107141,6.154218041264861,0.7878787878787878
Gs_8FU6,3,Gs,Gs,1001,2.4390511506663315,5.985016677843866,0.7586206896551724
Gs_8H4I,1,Gs,Gs,1001,1.9621931382542923,5.3488601415573,0.8181818181818182
Gs_8H4I,2,Gs,Gs,1001,3.5122337827342647,7.267143772547012,0.4782608695652174
Gs_8H4I,3,Gs,Gs,1001,2.377747968736803,9.059950437359166,0.48
Gs_8HDP,1,Gs,Gs,1001,2.038777464877052,4.842575165306321,0.8983050847457628
Gs_8HDP,2,Gs,Gs,1001,1.8157780357597504,5.15861259304777,0.9622641509433962
Gs_8HDP,3,Gs,Gs,1001,2.0211282515305338,5.745886815660556,0.9574468085106383
Gs_8HJ1,1,Gs,Gs,1001,2.514176090071954,9.01795402892908,0.3513513513513513
Gs_8HJ1,2,Gs,Gs,1001,3.551085154337028,13.736594521342669,0.2558139534883721
Gs_8HJ1,3,Gs,Gs,1001,3.04304834921726,10.2341430397016,0.2926829268292683
Gs_8HJ2,1,Gs,Gs,1001,5.986558427743393,7.9108311740931265,0.8214285714285714
Gs_8HJ2,2,Gs,Gs,1001,5.0185757724207205,6.124655586761154,0.9322033898305084
Gs_8HJ2,3,Gs,Gs,1001,6.208237813269181,7.819833439727547,0.7962962962962963
Gs_8I2G,1,Gs,Gs,1001,2.189875416548014,3.7254298619589488,1.0
Gs_8I2G,2,Gs,Gs,1001,2.008505460182721,5.399283453281515,0.9615384615384616
Gs_8I2G,3,Gs,Gs,1001,2.594010644098336,3.199013638409528,1.0
Gs_8INR,1,Gs,Gs,1001,2.340066196485428,4.9716918132229,0.9230769230769232
Gs_8INR,2,Gs,Gs,1001,1.3753036075156186,5.994400190577503,0.9047619047619048
Gs_8INR,3,Gs,Gs,1001,1.7172704649792718,4.943157850414784,0.9545454545454546
Gs_8IOC,1,Gs,Gs,1001,2.7151215309440087,10.271160391854584,0.8709677419354839
Gs_8IOC,2,Gs,Gs,1001,2.298889085897,7.670559231237181,0.9142857142857144
Gs_8IOC,3,Gs,Gs,1001,2.4326662542484283,5.718209397598947,0.9117647058823528
Gs_8IRV,1,Gs,Gs,1001,1.6031340746358176,3.110311905366761,1.0
Gs_8IRV,2,Gs,Gs,1001,1.9074091433734088,3.6937000562358833,1.0
Gs_8IRV,3,Gs,Gs,1001,1.81569389065161,3.930418434027549,0.9818181818181818
Gs_8JPP,1,Gs,Gs,1001,2.923601935992029,3.496906946129184,0.9523809523809524
Gs_8JPP,2,Gs,Gs,1001,1.8274514597505005,3.418608795595379,1.0
Gs_8JPP,3,Gs,Gs,1001,2.14441669680266,3.728424828065285,1.0
Gs_8KGK,1,Gs,Gs,1001,3.467827895316963,7.639093577860789,0.6440677966101694
Gs_8KGK,2,Gs,Gs,1001,4.312739041431468,9.073662139191676,0.6779661016949152
Gs_8KGK,3,Gs,Gs,1001,3.294402850239274,9.02622925149828,0.7068965517241379
Gs_8KH5,1,Gs,Gs,1001,2.523859606370526,5.347250047223406,0.9090909090909092
Gs_8KH5,2,Gs,Gs,1001,2.432569622066552,5.874447183802136,0.9375
Gs_8KH5,3,Gs,Gs,1001,3.037765908949866,7.557016510375948,0.935483870967742
Gs_8SMV,1,Gs,Gs,1001,2.277268670015498,9.698375506961998,0.72
Gs_8SMV,2,Gs,Gs,1001,1.8565494189937104,7.183568540036517,0.6666666666666666
Gs_8SMV,3,Gs,Gs,1001,1.726527347438511,6.235047361567987,0.6964285714285714
Gs_8U8F,1,Gs,Gs,1001,2.405399479658953,7.855179823605461,0.8837209302325582
Gs_8U8F,2,Gs,Gs,1001,2.8775950669431776,6.516650690888378,0.8541666666666666
Gs_8U8F,3,Gs,Gs,1001,2.5202013497286666,5.769148933331993,0.8775510204081632
Gs_8W87,1,Gs,Gs,1001,1.9968539315881757,4.937548024736924,0.9487179487179488
Gs_8W87,2,Gs,Gs,1001,2.3267954936882806,3.860353624661917,0.9767441860465116
Gs_8W87,3,Gs,Gs,1001,1.8582681850452545,4.581961282643107,1.0
Gs_8W8Q,1,Gs,Gs,1001,2.343166873225608,4.4319089856785565,0.896551724137931
Gs_8W8Q,2,Gs,Gs,1001,2.4030414090733623,4.168156740695548,0.96
Gs_8W8Q,3,Gs,Gs,1001,2.592549630791733,7.242351118232162,0.96
Gs_8WJX,1,Gs,Gs,1001,1.7713186010552493,6.049891992071375,0.8688524590163934
Gs_8WJX,2,Gs,Gs,1001,2.3640048356635823,6.091607471195423,0.8166666666666667
Gs_8WJX,3,Gs,Gs,1001,1.92844346918571,6.49901702530337,0.7586206896551724
Gs_8X79,1,Gs,Gs,1001,1.451970834507491,7.278028361967567,0.675
Gs_8X79,2,Gs,Gs,1001,1.435348684349645,6.359126412060507,0.6153846153846154
Gs_8X79,3,Gs,Gs,1001,1.5752389331295875,7.695821120691498,0.6190476190476191
Gs_8XVI,1,Gs,Gs,1001,1.814718043000174,5.1570081397183705,0.8095238095238095
Gs_8XVI,2,Gs,Gs,1001,1.5063163460008753,7.342202217711184,0.775
Gs_8XVI,3,Gs,Gs,1001,2.159973332211591,5.501597027243262,0.868421052631579
Gs_8YN2,1,Gs,Gs,1001,1.993987953457991,5.6831522600002735,0.8
Gs_8YN2,2,Gs,Gs,1001,1.7179623352593705,5.199960827198319,0.9047619047619048
Gs_8YN2,3,Gs,Gs,1001,1.8084156895052157,5.28680672362584,0.9166666666666666
Gs_8YUT,1,Gs,Gs,1001,2.10057600419508,4.977660950684667,0.9433962264150944
Gs_8YUT,2,Gs,Gs,1001,2.0452153847776624,5.157766440617383,0.9574468085106383
Gs_8YUT,3,Gs,Gs,1001,2.2587969837684327,5.853186185643693,0.9019607843137256
Gs_8YUV,1,Gs,Gs,1001,2.3191954778691084,4.638720793310879,0.8536585365853658
Gs_8YUV,2,Gs,Gs,1001,1.7313551058574943,5.202319696413429,0.8604651162790697
Gs_8YUV,3,Gs,Gs,1001,2.461104148929502,5.148518550299661,0.7358490566037735
Gs_9BLC,1,Gs,Gs,1001,1.4604679704353207,4.133709426260904,0.8846153846153846
Gs_9BLC,2,Gs,Gs,1001,1.8144563213986948,4.127156706768152,1.0
Gs_9BLC,3,Gs,Gs,1001,1.7569263647306108,3.52769446603861,1.0
Gq_6OIJ,1,Gq,Gq/11,1001,2.2789871189267945,8.49753321159911,0.6111111111111112
Gq_6OIJ,2,Gq,Gq/11,1001,2.163383000976358,5.587012926467625,0.5573770491803278
Gq_6OIJ,3,Gq,Gq/11,1001,1.821229376466991,8.019653922033303,0.5441176470588235
Gq_7DFL,1,Gq,Gq/11,1001,2.6553923216890536,10.105741827406932,0.8571428571428571
Gq_7DFL,2,Gq,Gq/11,1001,2.022410576756714,15.358469078978011,0.6901408450704225
Gq_7DFL,3,Gq,Gq/11,1001,3.454132403472768,10.469891148422178,0.654320987654321
Gq_7EIB,1,Gq,Gq/11,1001,2.425502380418058,5.414190666365234,0.9
Gq_7EIB,2,Gq,Gq/11,1001,2.048443666878317,5.202274566960384,0.9210526315789472
Gq_7EIB,3,Gq,Gq/11,1001,2.57753128067478,4.681897787613719,0.9393939393939394
Gq_7EZM,1,Gq,Gq/11,1001,1.8609724270851744,7.249829604921066,0.7808219178082192
Gq_7EZM,2,Gq,Gq/11,1001,2.0348156902904955,9.245971815659592,0.7108433734939759
Gq_7EZM,3,Gq,Gq/11,1001,2.347655750828506,6.422241867596378,0.725
Gq_7F2O,1,Gq,Gq/11,1001,2.230909269910429,10.423950849705957,0.8823529411764706
Gq_7F2O,2,Gq,Gq/11,1001,2.085825656818346,10.16239180657402,0.86
Gq_7F2O,3,Gq,Gq/11,1001,2.5078502318349485,9.786810234564792,0.7857142857142857
Gq_7F6G,1,Gq,Gq/11,1001,1.7555823916548998,5.02020000022911,0.9545454545454546
Gq_7F6G,2,Gq,Gq/11,1001,2.069640991180161,3.9998672644071513,0.9545454545454546
Gq_7F6G,3,Gq,Gq/11,1001,1.6613609274440495,5.131732339619872,0.9347826086956522
Gq_7F8W,1,Gq,Gq/11,1001,2.5588959462726377,10.877659316297269,0.7380952380952381
Gq_7F8W,2,Gq,Gq/11,1001,2.333457093178336,17.60494528775298,0.775
Gq_7F8W,3,Gq,Gq/11,1001,2.17789953647698,15.688805088804838,0.7878787878787878
Gq_7P00,1,Gq,Gq/11,1001,1.980416382131176,5.617428479825177,0.9642857142857144
Gq_7P00,2,Gq,Gq/11,1001,2.276888925664336,6.083467745767624,0.8484848484848485
Gq_7P00,3,Gq,Gq/11,1001,1.7990500610408229,4.689365538260975,0.9285714285714286
Gq_7RAN,1,Gq,Gq/11,1001,4.064507036008743,9.139960688726347,0.5529411764705883
Gq_7RAN,2,Gq,Gq/11,1001,1.9511233617882728,5.932287764409608,0.703125
Gq_7RAN,3,Gq,Gq/11,1001,2.7511811679882605,7.362700884937495,0.8888888888888888
Gq_7S8L,1,Gq,Gq/11,1001,2.089343214602282,7.248287577855971,0.9722222222222222
Gq_7S8L,2,Gq,Gq/11,1001,1.7842765471976678,4.280117349331688,1.0
Gq_7S8L,3,Gq,Gq/11,1001,1.8739451035169636,4.74488809756719,0.9705882352941176
Gq_7S8P,1,Gq,Gq/11,1001,1.5579979901604923,5.71673321848205,0.975
Gq_7S8P,2,Gq,Gq/11,1001,1.7766349855213932,5.3554840181127386,1.0
Gq_7S8P,3,Gq,Gq/11,1001,1.434419050577554,4.311366962498066,1.0
Gq_7SR8,1,Gq,Gq/11,1001,1.9123025810806564,6.512111015649624,0.76
Gq_7SR8,2,Gq,Gq/11,1001,1.6338690695945512,6.840817358865328,0.7051282051282052
Gq_7SR8,3,Gq,Gq/11,1001,1.5812438753209537,7.713499933716345,0.6216216216216216
Gq_7SRR,1,Gq,Gq/11,1001,1.9607159016999212,6.459514301751916,0.8142857142857143
Gq_7SRR,2,Gq,Gq/11,1001,2.080032205940525,4.450641639346116,0.7647058823529411
Gq_7SRR,3,Gq,Gq/11,1001,2.100814691338939,4.171857928232697,0.7692307692307693
Gq_7TRY,1,Gq,Gq/11,1001,2.067923714878279,5.908542103399015,0.6956521739130435
Gq_7TRY,2,Gq,Gq/11,1001,2.8927475050851363,10.117276881746644,0.8333333333333334
Gq_7TRY,3,Gq,Gq/11,1001,2.9465576184945834,6.045324556384205,0.6190476190476191
Gq_7W3Z,1,Gq,Gq/11,1001,1.679129998617283,4.7293251879918845,0.9433962264150944
Gq_7W3Z,2,Gq,Gq/11,1001,1.8741713887560445,6.531901175928975,0.9629629629629628
Gq_7W3Z,3,Gq,Gq/11,1001,1.645398838717277,5.163538048946176,0.9615384615384616
Gq_7W53,1,Gq,Gq/11,1001,3.206943591374104,9.933683197928543,0.9125
Gq_7W53,2,Gq,Gq/11,1001,2.3943693739603047,5.51114875432338,0.8181818181818182
Gq_7W53,3,Gq,Gq/11,1001,2.330524699834599,6.62489744138901,0.5584415584415584
Gq_7W55,1,Gq,Gq/11,1001,2.591555524178775,11.09379386833603,0.8260869565217391
Gq_7W55,2,Gq,Gq/11,1001,2.4806352265102105,7.661468820842609,0.8181818181818182
Gq_7W55,3,Gq,Gq/11,1001,2.411177056511337,9.822367310736132,0.8723404255319149
Gq_7XW9,1,Gq,Gq/11,1001,2.939710661951395,7.679417106362304,0.7872340425531915
Gq_7XW9,2,Gq,Gq/11,1001,3.2071893224009123,10.82210169093644,0.7115384615384616
Gq_7XW9,3,Gq,Gq/11,1001,3.17216188809336,9.915266841619674,0.8809523809523809
Gq_7XWO,1,Gq,Gq/11,1001,2.948498333800217,6.292268419448911,0.8604651162790697
Gq_7XWO,2,Gq,Gq/11,1001,2.399542264314133,4.490173594788933,0.9019607843137256
Gq_7XWO,3,Gq,Gq/11,1001,3.5021158769751035,5.401964064434637,0.9
Gq_7XXH,1,Gq,Gq/11,1001,2.037460607203281,21.35412344975232,0.1234567901234567
Gq_7XXH,2,Gq,Gq/11,1001,2.4173014628717597,10.32388538015433,0.7058823529411765
Gq_7XXH,3,Gq,Gq/11,1001,2.733614073215585,9.977977875430716,0.6216216216216216
Gq_7Y26,1,Gq,Gq/11,1001,2.461773018749688,4.117405681480925,0.9565217391304348
Gq_7Y26,2,Gq,Gq/11,1001,2.171911454471678,3.6434590825698487,1.0
Gq_7Y26,3,Gq,Gq/11,1001,2.3712413941311543,3.6832855163199625,1.0
Gq_7YDM,1,Gq,Gq/11,1001,1.9463294697667537,5.205607277248602,0.7777777777777778
Gq_7YDM,2,Gq,Gq/11,1001,1.8571412650480927,9.120873220331536,0.5769230769230769
Gq_7YDM,3,Gq,Gq/11,1001,2.2299105365886653,10.149213674384068,0.6538461538461539
Gq_8DWC,1,Gq,Gq/11,1001,2.385206197162375,3.8437125533342416,0.9166666666666666
Gq_8DWC,2,Gq,Gq/11,1001,2.0214973475707785,4.323806705389034,1.0
Gq_8DWC,3,Gq,Gq/11,1001,1.6912881082500866,3.679685014288865,1.0
Gq_8E9W,1,Gq,Gq/11,1001,1.9778985167407368,7.5140294090695585,0.7083333333333334
Gq_8E9W,2,Gq,Gq/11,1001,2.0473214559164306,8.496949963949907,0.5161290322580645
Gq_8E9W,3,Gq,Gq/11,1001,2.220617021017653,7.6587080962646175,0.6388888888888888
Gq_8EJC,1,Gq,Gq/11,1001,1.809678311516871,4.294924750002024,0.9761904761904762
Gq_8EJC,2,Gq,Gq/11,1001,1.743661839525702,7.563044891202771,0.9722222222222222
Gq_8EJC,3,Gq,Gq/11,1001,1.468649137418938,5.00569846262772,0.9736842105263158
Gq_8F7X,1,Gq,Gq/11,1001,1.2653929597721676,5.962660176355085,0.9705882352941176
Gq_8F7X,2,Gq,Gq/11,1001,2.0949640679434123,4.025830939667928,0.96875
Gq_8F7X,3,Gq,Gq/11,1001,1.7142553742087532,5.660828206628001,0.90625
Gq_8H0P,1,Gq,Gq/11,1001,1.965711835473493,6.60881506186409,0.9230769230769232
Gq_8H0P,2,Gq,Gq/11,1001,2.8173684326295048,5.070050052324372,0.9142857142857144
Gq_8H0P,3,Gq,Gq/11,1001,2.1020190764823465,5.336797992803673,0.8947368421052632
Gq_8HCQ,1,Gq,Gq/11,1001,2.2338836624236307,8.825126981788816,0.8227848101265823
Gq_8HCQ,2,Gq,Gq/11,1001,2.542323012154347,12.480154099170688,0.3950617283950617
Gq_8HCQ,3,Gq,Gq/11,1001,2.644494361482159,9.50251465284539,0.4714285714285714
Gq_8HCX,1,Gq,Gq/11,1001,2.1653853634922906,8.154774968509718,0.8125
Gq_8HCX,2,Gq,Gq/11,1001,2.308971613601464,9.394567904478938,0.7699115044247787
Gq_8HCX,3,Gq,Gq/11,1001,2.5753455795338183,6.509700219645928,0.8125
Gq_8IBV,1,Gq,Gq/11,1001,2.2568540792394285,5.8645273340670165,0.8933333333333333
Gq_8IBV,2,Gq,Gq/11,1001,1.8388960417986877,5.44292985005078,0.9117647058823528
Gq_8IBV,3,Gq,Gq/11,1001,1.9247787695454333,6.242098687846621,0.9565217391304348
Gq_8IUK,1,Gq,Gq/11,1001,1.9512977668557556,6.276107634969487,0.8867924528301887
Gq_8IUK,2,Gq,Gq/11,1001,1.5760884864211318,8.25477844047095,0.8431372549019608
Gq_8IUK,3,Gq,Gq/11,1001,1.9391004171486956,5.293846775359246,0.8909090909090909
Gq_8IYS,1,Gq,Gq/11,1001,2.1747284675433565,7.570049014736359,0.851063829787234
Gq_8IYS,2,Gq,Gq/11,1001,1.8545633044854135,4.761684290365019,0.8837209302325582
Gq_8IYS,3,Gq,Gq/11,1001,2.159762455512128,4.9049976547373415,0.896551724137931
Gq_8J9N,1,Gq,Gq/11,1001,2.1162989490688924,6.382314543057692,1.0
Gq_8J9N,2,Gq,Gq/11,1001,1.9232069108376852,5.789478101717386,1.0
Gq_8J9N,3,Gq,Gq/11,1001,2.097947721965269,6.993745417226816,1.0
Gq_8JBG,1,Gq,Gq/11,1001,1.522598229926567,3.4948889467406703,1.0
Gq_8JBG,2,Gq,Gq/11,1001,2.237624339900061,6.406616486792604,0.6153846153846154
Gq_8JBG,3,Gq,Gq/11,1001,1.5573665270633517,3.751177679265251,0.9814814814814816
Gq_8WST,1,Gq,Gq/11,1001,2.049065845890145,4.470991279285201,0.9285714285714286
Gq_8WST,2,Gq,Gq/11,1001,1.9770242953555657,8.796121673516835,0.84
Gq_8WST,3,Gq,Gq/11,1001,2.450977313263236,3.9983198027111975,0.8545454545454545
Gq_8WZ2,1,Gq,Gq/11,1001,2.2448703139495843,4.156122335281873,0.902439024390244
Gq_8WZ2,2,Gq,Gq/11,1001,2.550756437692704,4.7878616837639925,0.8809523809523809
Gq_8WZ2,3,Gq,Gq/11,1001,3.2322002519782447,4.878664974283516,0.75
Gq_8XGS,1,Gq,Gq/11,1001,2.18516464425594,4.964842105401669,0.9183673469387756
Gq_8XGS,2,Gq,Gq/11,1001,1.9139778187467733,6.288213296971317,0.9482758620689656
Gq_8XGS,3,Gq,Gq/11,1001,2.2853218814749896,3.8691887890223646,0.9074074074074074
Gq_8XOJ,1,Gq,Gq/11,1001,3.4943515738123536,4.986291443817429,0.9215686274509804
Gq_8XOJ,2,Gq,Gq/11,1001,3.0125500610694336,4.248601594601334,0.9298245614035088
Gq_8XOJ,3,Gq,Gq/11,1001,1.859485219129574,4.196840244517583,0.953125
Gq_8XOR,1,Gq,Gq/11,1001,1.8096512711760775,4.8424728062179385,0.8974358974358975
Gq_8XOR,2,Gq,Gq/11,1001,1.675540229497427,5.179357469011161,0.9166666666666666
Gq_8XOR,3,Gq,Gq/11,1001,1.8756395969676147,4.768213555094732,0.9117647058823528
Gq_8Y53,1,Gq,Gq/11,1001,2.6336746040476915,7.901769715925211,0.8113207547169812
Gq_8Y53,2,Gq,Gq/11,1001,1.9100119773473088,4.93671245830573,0.8627450980392157
Gq_8Y53,3,Gq,Gq/11,1001,1.9660615695757748,5.536131944340635,0.903846153846154
Gq_8ZPT,1,Gq,Gq/11,1001,3.147425918582954,7.527935253938954,0.5348837209302325
Gq_8ZPT,2,Gq,Gq/11,1001,2.0447829862287072,8.009758729782057,0.8333333333333334
Gq_8ZPT,3,Gq,Gq/11,1001,2.3344920044934088,6.056730686191399,0.875
G12_7SF7,1,G12-13,G12/13,1001,2.3403718090826184,4.884604781964328,1.0
G12_7SF7,2,G12-13,G12/13,1001,2.3192282582970414,4.905344527679978,0.9666666666666668
G12_7SF7,3,G12-13,G12/13,1001,2.3282064522730965,5.780921239881016,1.0
G12_7SF8,1,G12-13,G12/13,1001,1.8001610439666276,9.216752777727905,0.868421052631579
G12_7SF8,2,G12-13,G12/13,1001,1.5412579026890865,8.73678879890756,0.9090909090909092
G12_7SF8,3,G12-13,G12/13,1001,1.7417378653134463,5.761467815315081,0.918918918918919
G12_7T6B,1,G12-13,G12/13,1001,2.0859621783224047,6.231932063326082,0.8378378378378378
G12_7T6B,2,G12-13,G12/13,1001,1.5810254418428498,7.782364695549377,0.7428571428571429
G12_7T6B,3,G12-13,G12/13,1001,1.6250430133043636,8.56690516780763,0.9428571428571428
G12_8IKL,1,G12-13,G12/13,1001,1.3266982518577886,4.575972022940948,0.9473684210526316
G12_8IKL,2,G12-13,G12/13,1001,1.3921586954844047,6.07341304463034,0.9736842105263158
G12_8IKL,3,G12-13,G12/13,1001,1.6605452822822986,3.905186226158761,0.9230769230769232
G12_8KGG,1,G12-13,G12/13,1001,2.4536458455157084,4.128510723475227,0.9545454545454546
G12_8KGG,2,G12-13,G12/13,1001,2.1273396661565664,4.636526548458673,0.813953488372093
G12_8KGG,3,G12-13,G12/13,1001,2.1469775948084964,4.950567860427318,0.8627450980392157
G12_9IY8,1,G12-13,G12/13,1001,3.039276572160023,6.852412729226581,0.8936170212765957
G12_9IY8,2,G12-13,G12/13,1001,4.294162202923496,6.342833740239976,0.9787234042553192
G12_9IY8,3,G12-13,G12/13,1001,3.8931293665855096,7.166575365999649,1.0
